Cattle_1,1
Cattle_10,1
Cattle_100,1
Cattle_1000,1
Cattle_1001,1
Cattle_1002,1
Cattle_1003,1
Cattle_1004,1
Cattle_1005,1
Cattle_1006,1
Cattle_1007,1
Cattle_1008,1
Cattle_1009,1
Cattle_101,1
Cattle_1010,1
Cattle_1011,1
Cattle_1012,1
Cattle_1013,1
Cattle_1014,1
Cattle_1015,1
Cattle_1016,1
Cattle_1017,1
Cattle_1018,1
Cattle_1019,1
Cattle_102,1
Cattle_1020,1
Cattle_1021,1
Cattle_1022,1
Cattle_1023,1
Cattle_1024,1
Cattle_1025,1
Cattle_1026,1
Cattle_1027,1
Cattle_1028,1
Cattle_1029,1
Cattle_103,1
Cattle_1030,1
Cattle_1031,1
Cattle_1032,1
Cattle_1033,1
Cattle_1034,1
Cattle_1035,1
Cattle_1036,1
Cattle_1037,1
Cattle_1038,1
Cattle_1039,1
Cattle_104,1
Cattle_1040,1
Cattle_1041,1
Cattle_1042,1
Cattle_1043,1
Cattle_1044,1
Cattle_1045,1
Cattle_1046,1
Cattle_1047,1
Cattle_1048,1
Cattle_1049,1
Cattle_105,1
Cattle_1050,1
Cattle_1051,1
Cattle_1052,1
Cattle_1053,1
Cattle_1054,1
Cattle_1055,1
Cattle_1056,1
Cattle_1057,1
Cattle_1058,1
Cattle_1059,1
Cattle_106,1
Cattle_1060,1
Cattle_1061,1
Cattle_1062,1
Cattle_1063,1
Cattle_1064,1
Cattle_1065,1
Cattle_1066,1
Cattle_1067,1
Cattle_1068,1
Cattle_1069,1
Cattle_107,1
Cattle_1070,1
Cattle_1071,1
Cattle_1072,1
Cattle_1073,1
Cattle_1074,1
Cattle_1075,1
Cattle_1076,1
Cattle_1077,1
Cattle_1078,1
Cattle_1079,1
Cattle_108,1
Cattle_1080,1
Cattle_1081,1
Cattle_1082,1
Cattle_1083,1
Cattle_1084,1
Cattle_1085,1
Cattle_1086,1
Cattle_1087,1
Cattle_1088,1
Cattle_1089,1
Cattle_109,1
Cattle_1090,1
Cattle_1091,1
Cattle_1092,1
Cattle_1093,1
Cattle_1094,1
Cattle_1095,1
Cattle_1096,1
Cattle_1097,1
Cattle_1098,1
Cattle_1099,1
Cattle_11,1
Cattle_110,1
Cattle_1100,1
Cattle_1101,1
Cattle_1102,1
Cattle_1103,1
Cattle_1104,1
Cattle_1105,1
Cattle_1106,1
Cattle_1107,1
Cattle_1108,1
Cattle_1109,1
Cattle_111,1
Cattle_1110,1
Cattle_1111,1
Cattle_1112,1
Cattle_1113,1
Cattle_1114,1
Cattle_1115,1
Cattle_1116,1
Cattle_1117,1
Cattle_1118,1
Cattle_1119,1
Cattle_112,1
Cattle_1120,1
Cattle_1121,1
Cattle_1122,1
Cattle_1123,1
Cattle_1124,1
Cattle_1125,1
Cattle_1126,1
Cattle_1127,1
Cattle_1128,1
Cattle_1129,1
Cattle_113,1
Cattle_1130,1
Cattle_1131,1
Cattle_1132,1
Cattle_1133,1
Cattle_1134,1
Cattle_1135,1
Cattle_1136,1
Cattle_1137,1
Cattle_1138,1
Cattle_1139,1
Cattle_114,1
Cattle_1140,1
Cattle_1141,1
Cattle_1142,1
Cattle_1143,1
Cattle_1144,1
Cattle_1145,1
Cattle_1146,1
Cattle_1147,1
Cattle_1148,1
Cattle_1149,1
Cattle_115,1
Cattle_1150,1
Cattle_1151,1
Cattle_1152,1
Cattle_1153,1
Cattle_1154,1
Cattle_1155,1
Cattle_1156,1
Cattle_1157,1
Cattle_1158,1
Cattle_1159,1
Cattle_116,1
Cattle_1160,1
Cattle_1161,1
Cattle_1162,1
Cattle_1163,1
Cattle_1164,1
Cattle_1165,1
Cattle_1166,1
Cattle_1167,1
Cattle_1168,1
Cattle_1169,1
Cattle_117,1
Cattle_1170,1
Cattle_1171,1
Cattle_1172,1
Cattle_1173,1
Cattle_1174,1
Cattle_1175,1
Cattle_1176,1
Cattle_1177,1
Cattle_1178,1
Cattle_1179,1
Cattle_118,1
Cattle_1180,1
Cattle_1181,1
Cattle_1182,1
Cattle_1183,1
Cattle_1184,1
Cattle_1185,1
Cattle_1186,1
Cattle_1187,1
Cattle_1188,1
Cattle_1189,1
Cattle_119,1
Cattle_1190,1
Cattle_1191,1
Cattle_1192,1
Cattle_1193,1
Cattle_1194,1
Cattle_1195,1
Cattle_1196,1
Cattle_1197,1
Cattle_1198,1
Cattle_1199,1
Cattle_12,1
Cattle_120,1
Cattle_1200,1
Cattle_1201,1
Cattle_1202,1
Cattle_1203,1
Cattle_1204,1
Cattle_1205,1
Cattle_1206,1
Cattle_1207,1
Cattle_1208,1
Cattle_1209,1
Cattle_121,1
Cattle_1210,1
Cattle_1211,1
Cattle_1212,1
Cattle_1213,1
Cattle_1214,1
Cattle_1215,1
Cattle_1216,1
Cattle_1217,1
Cattle_1218,1
Cattle_1219,1
Cattle_122,1
Cattle_1220,1
Cattle_1221,1
Cattle_1222,1
Cattle_1223,1
Cattle_1224,1
Cattle_1225,1
Cattle_1226,1
Cattle_1227,1
Cattle_1228,1
Cattle_1229,1
Cattle_123,1
Cattle_1230,1
Cattle_1231,1
Cattle_1232,1
Cattle_1233,1
Cattle_1234,1
Cattle_1235,1
Cattle_1236,1
Cattle_1237,1
Cattle_1238,1
Cattle_1239,1
Cattle_124,1
Cattle_1240,1
Cattle_1241,1
Cattle_1242,1
Cattle_1243,1
Cattle_1244,1
Cattle_1245,1
Cattle_1246,1
Cattle_1247,1
Cattle_1248,1
Cattle_1249,1
Cattle_125,1
Cattle_1250,1
Cattle_1251,1
Cattle_1252,1
Cattle_1253,1
Cattle_1254,1
Cattle_1255,1
Cattle_1256,1
Cattle_1257,1
Cattle_1258,1
Cattle_1259,1
Cattle_126,1
Cattle_1260,1
Cattle_1261,1
Cattle_1262,1
Cattle_1263,1
Cattle_1264,1
Cattle_1265,1
Cattle_1266,1
Cattle_1267,1
Cattle_1268,1
Cattle_1269,1
Cattle_127,1
Cattle_1270,1
Cattle_1271,1
Cattle_1272,1
Cattle_1273,1
Cattle_1274,1
Cattle_1275,1
Cattle_1276,1
Cattle_1277,1
Cattle_1278,1
Cattle_1279,1
Cattle_128,1
Cattle_1280,1
Cattle_1281,1
Cattle_1282,1
Cattle_1283,1
Cattle_1284,1
Cattle_1285,1
Cattle_1286,1
Cattle_1287,1
Cattle_1288,1
Cattle_1289,1
Cattle_129,1
Cattle_1290,1
Cattle_1291,1
Cattle_1292,1
Cattle_1293,1
Cattle_1294,1
Cattle_1295,1
Cattle_1296,1
Cattle_1297,1
Cattle_1298,1
Cattle_1299,1
Cattle_13,1
Cattle_130,1
Cattle_1300,1
Cattle_1301,1
Cattle_1302,1
Cattle_1303,1
Cattle_1304,1
Cattle_1305,1
Cattle_1306,1
Cattle_1307,1
Cattle_1308,1
Cattle_1309,1
Cattle_131,1
Cattle_1310,1
Cattle_1311,1
Cattle_1312,1
Cattle_1313,1
Cattle_1314,1
Cattle_1315,1
Cattle_1316,1
Cattle_1317,1
Cattle_1318,1
Cattle_1319,1
Cattle_132,1
Cattle_1320,1
Cattle_1321,1
Cattle_1322,1
Cattle_1323,1
Cattle_1324,1
Cattle_1325,1
Cattle_1326,1
Cattle_1327,1
Cattle_1328,1
Cattle_1329,1
Cattle_133,1
Cattle_1330,1
Cattle_1331,1
Cattle_1332,1
Cattle_1333,1
Cattle_1334,1
Cattle_1335,1
Cattle_1336,1
Cattle_1337,1
Cattle_1338,1
Cattle_1339,1
Cattle_134,1
Cattle_1340,1
Cattle_1341,1
Cattle_1342,1
Cattle_1343,1
Cattle_1344,1
Cattle_1345,1
Cattle_1346,1
Cattle_1347,1
Cattle_1348,1
Cattle_1349,1
Cattle_135,1
Cattle_1350,1
Cattle_1351,1
Cattle_1352,1
Cattle_1353,1
Cattle_1354,1
Cattle_1355,1
Cattle_1356,1
Cattle_1357,1
Cattle_1358,1
Cattle_1359,1
Cattle_136,1
Cattle_1360,1
Cattle_1361,1
Cattle_1362,1
Cattle_1363,1
Cattle_1364,1
Cattle_1365,1
Cattle_1366,1
Cattle_1367,1
Cattle_1368,1
Cattle_1369,1
Cattle_137,1
Cattle_1370,1
Cattle_1371,1
Cattle_1372,1
Cattle_1373,1
Cattle_1374,1
Cattle_1375,1
Cattle_1376,1
Cattle_1377,1
Cattle_1378,1
Cattle_1379,1
Cattle_138,1
Cattle_1380,1
Cattle_1381,1
Cattle_1382,1
Cattle_1383,1
Cattle_1384,1
Cattle_1385,1
Cattle_1386,1
Cattle_1387,1
Cattle_1388,1
Cattle_1389,1
Cattle_139,1
Cattle_1390,1
Cattle_1391,1
Cattle_1392,1
Cattle_1393,1
Cattle_1394,1
Cattle_1395,1
Cattle_1396,1
Cattle_1397,1
Cattle_1398,1
Cattle_1399,1
Cattle_14,1
Cattle_140,1
Cattle_1400,1
Cattle_1401,1
Cattle_1402,1
Cattle_1403,1
Cattle_1404,1
Cattle_1405,1
Cattle_1406,1
Cattle_1407,1
Cattle_1408,1
Cattle_1409,1
Cattle_141,1
Cattle_1410,1
Cattle_1411,1
Cattle_1412,1
Cattle_1413,1
Cattle_1414,1
Cattle_1415,1
Cattle_1416,1
Cattle_1417,1
Cattle_1418,1
Cattle_1419,1
Cattle_142,1
Cattle_1420,1
Cattle_1421,1
Cattle_1422,1
Cattle_1423,1
Cattle_1424,1
Cattle_1425,1
Cattle_1426,1
Cattle_1427,1
Cattle_1428,1
Cattle_1429,1
Cattle_143,1
Cattle_1430,1
Cattle_1431,1
Cattle_1432,1
Cattle_1433,1
Cattle_1434,1
Cattle_1435,1
Cattle_1436,1
Cattle_1437,1
Cattle_1438,1
Cattle_1439,1
Cattle_144,1
Cattle_1440,1
Cattle_1441,1
Cattle_1442,1
Cattle_1443,1
Cattle_1444,1
Cattle_1445,1
Cattle_1446,1
Cattle_1447,1
Cattle_1448,1
Cattle_1449,1
Cattle_145,1
Cattle_1450,1
Cattle_1451,1
Cattle_1452,1
Cattle_1453,1
Cattle_1454,1
Cattle_1455,1
Cattle_1456,1
Cattle_1457,1
Cattle_1458,1
Cattle_1459,1
Cattle_146,1
Cattle_1460,1
Cattle_1461,1
Cattle_1462,1
Cattle_1463,1
Cattle_1464,1
Cattle_1465,1
Cattle_1466,1
Cattle_1467,1
Cattle_1468,1
Cattle_1469,1
Cattle_147,1
Cattle_1470,1
Cattle_1471,1
Cattle_1472,1
Cattle_1473,1
Cattle_1474,1
Cattle_1475,1
Cattle_1476,1
Cattle_1477,1
Cattle_1478,1
Cattle_1479,1
Cattle_148,1
Cattle_1480,1
Cattle_1481,1
Cattle_1482,1
Cattle_1483,1
Cattle_1484,1
Cattle_1485,1
Cattle_1486,1
Cattle_1487,1
Cattle_1488,1
Cattle_1489,1
Cattle_149,1
Cattle_1490,1
Cattle_1491,1
Cattle_1492,1
Cattle_1493,1
Cattle_1494,1
Cattle_1495,1
Cattle_1496,1
Cattle_1497,1
Cattle_1498,1
Cattle_1499,1
Cattle_15,1
Cattle_150,1
Cattle_1500,1
Cattle_1501,1
Cattle_1502,1
Cattle_1503,1
Cattle_1504,1
Cattle_1505,1
Cattle_1506,1
Cattle_1507,1
Cattle_1508,1
Cattle_1509,1
Cattle_151,1
Cattle_1510,1
Cattle_1511,1
Cattle_1512,1
Cattle_1513,1
Cattle_1514,1
Cattle_1515,1
Cattle_1516,1
Cattle_1517,1
Cattle_1518,1
Cattle_1519,1
Cattle_152,1
Cattle_1520,1
Cattle_1521,1
Cattle_1522,1
Cattle_1523,1
Cattle_1524,1
Cattle_1525,1
Cattle_1526,1
Cattle_1527,1
Cattle_1528,1
Cattle_1529,1
Cattle_153,1
Cattle_1530,1
Cattle_1531,1
Cattle_1532,1
Cattle_1533,1
Cattle_1534,1
Cattle_1535,1
Cattle_1536,1
Cattle_1537,1
Cattle_1538,1
Cattle_1539,1
Cattle_154,1
Cattle_1540,1
Cattle_1541,1
Cattle_1542,1
Cattle_1543,1
Cattle_1544,1
Cattle_1545,1
Cattle_1546,1
Cattle_1547,1
Cattle_1548,1
Cattle_1549,1
Cattle_155,1
Cattle_1550,1
Cattle_1551,1
Cattle_1552,1
Cattle_1553,1
Cattle_1554,1
Cattle_1555,1
Cattle_1556,1
Cattle_1557,1
Cattle_1558,1
Cattle_1559,1
Cattle_156,1
Cattle_1560,1
Cattle_1561,1
Cattle_1562,1
Cattle_1563,1
Cattle_1564,1
Cattle_1565,1
Cattle_1566,1
Cattle_1567,1
Cattle_1568,1
Cattle_1569,1
Cattle_157,1
Cattle_1570,1
Cattle_1571,1
Cattle_1572,1
Cattle_1573,1
Cattle_1574,1
Cattle_1575,1
Cattle_1576,1
Cattle_1577,1
Cattle_1578,1
Cattle_1579,1
Cattle_158,1
Cattle_1580,1
Cattle_1581,1
Cattle_1582,1
Cattle_1583,1
Cattle_1584,1
Cattle_1585,1
Cattle_1586,1
Cattle_1587,1
Cattle_1588,1
Cattle_1589,1
Cattle_159,1
Cattle_1590,1
Cattle_1591,1
Cattle_1592,1
Cattle_1593,1
Cattle_1594,1
Cattle_1595,1
Cattle_1596,1
Cattle_1597,1
Cattle_1598,1
Cattle_1599,1
Cattle_16,1
Cattle_160,1
Cattle_1600,1
Cattle_1601,1
Cattle_1602,1
Cattle_1603,1
Cattle_1604,1
Cattle_1605,1
Cattle_1606,1
Cattle_1607,1
Cattle_1608,1
Cattle_1609,1
Cattle_161,1
Cattle_1610,1
Cattle_1611,1
Cattle_1612,1
Cattle_1613,1
Cattle_1614,1
Cattle_1615,1
Cattle_1616,1
Cattle_1617,1
Cattle_1618,1
Cattle_1619,1
Cattle_162,1
Cattle_1620,1
Cattle_1621,1
Cattle_1622,1
Cattle_1623,1
Cattle_1624,1
Cattle_1625,1
Cattle_1626,1
Cattle_1627,1
Cattle_1628,1
Cattle_1629,1
Cattle_163,1
Cattle_1630,1
Cattle_1631,1
Cattle_1632,1
Cattle_1633,1
Cattle_1634,1
Cattle_1635,1
Cattle_1636,1
Cattle_1637,1
Cattle_1638,1
Cattle_1639,1
Cattle_164,1
Cattle_1640,1
Cattle_1641,1
Cattle_1642,1
Cattle_1643,1
Cattle_1644,1
Cattle_1645,1
Cattle_1646,1
Cattle_1647,1
Cattle_1648,1
Cattle_1649,1
Cattle_165,1
Cattle_1650,1
Cattle_1651,1
Cattle_1652,1
Cattle_1653,1
Cattle_1654,1
Cattle_1655,1
Cattle_1656,1
Cattle_1657,1
Cattle_1658,1
Cattle_1659,1
Cattle_166,1
Cattle_1660,1
Cattle_1661,1
Cattle_1662,1
Cattle_1663,1
Cattle_1664,1
Cattle_1665,1
Cattle_1666,1
Cattle_1667,1
Cattle_1668,1
Cattle_1669,1
Cattle_167,1
Cattle_1670,1
Cattle_1671,1
Cattle_1672,1
Cattle_1673,1
Cattle_1674,1
Cattle_1675,1
Cattle_1676,1
Cattle_1677,1
Cattle_1678,1
Cattle_1679,1
Cattle_168,1
Cattle_1680,1
Cattle_1681,1
Cattle_1682,1
Cattle_1683,1
Cattle_1684,1
Cattle_1685,1
Cattle_1686,1
Cattle_1687,1
Cattle_1688,1
Cattle_1689,1
Cattle_169,1
Cattle_1690,1
Cattle_1691,1
Cattle_1692,1
Cattle_1693,1
Cattle_1694,1
Cattle_1695,1
Cattle_1696,1
Cattle_1697,1
Cattle_1698,1
Cattle_1699,1
Cattle_17,1
Cattle_170,1
Cattle_1700,1
Cattle_1701,1
Cattle_1702,1
Cattle_1703,1
Cattle_1704,1
Cattle_1705,1
Cattle_1706,1
Cattle_1707,1
Cattle_1708,1
Cattle_1709,1
Cattle_171,1
Cattle_1710,1
Cattle_1711,1
Cattle_1712,1
Cattle_1713,1
Cattle_1714,1
Cattle_1715,1
Cattle_1716,1
Cattle_1717,1
Cattle_1718,1
Cattle_1719,1
Cattle_172,1
Cattle_1720,1
Cattle_1721,1
Cattle_1722,1
Cattle_1723,1
Cattle_1724,1
Cattle_1725,1
Cattle_1726,1
Cattle_1727,1
Cattle_1728,1
Cattle_1729,1
Cattle_173,1
Cattle_1730,1
Cattle_1731,1
Cattle_1732,1
Cattle_1733,1
Cattle_1734,1
Cattle_1735,1
Cattle_1736,1
Cattle_1737,1
Cattle_1738,1
Cattle_1739,1
Cattle_174,1
Cattle_1740,1
Cattle_1741,1
Cattle_1742,1
Cattle_1743,1
Cattle_1744,1
Cattle_1745,1
Cattle_1746,1
Cattle_1747,1
Cattle_1748,1
Cattle_1749,1
Cattle_175,1
Cattle_1750,1
Cattle_1751,1
Cattle_1752,1
Cattle_1753,1
Cattle_1754,1
Cattle_1755,1
Cattle_1756,1
Cattle_1757,1
Cattle_1758,1
Cattle_1759,1
Cattle_176,1
Cattle_1760,1
Cattle_1761,1
Cattle_1762,1
Cattle_1763,1
Cattle_1764,1
Cattle_1765,1
Cattle_1766,1
Cattle_1767,1
Cattle_1768,1
Cattle_1769,1
Cattle_177,1
Cattle_1770,1
Cattle_1771,1
Cattle_1772,1
Cattle_1773,1
Cattle_1774,1
Cattle_1775,1
Cattle_1776,1
Cattle_1777,1
Cattle_1778,1
Cattle_1779,1
Cattle_178,1
Cattle_1780,1
Cattle_1781,1
Cattle_1782,1
Cattle_1783,1
Cattle_1784,1
Cattle_1785,1
Cattle_1786,1
Cattle_1787,1
Cattle_1788,1
Cattle_1789,1
Cattle_179,1
Cattle_1790,1
Cattle_1791,1
Cattle_1792,1
Cattle_1793,1
Cattle_1794,1
Cattle_1795,1
Cattle_1796,1
Cattle_1797,1
Cattle_1798,1
Cattle_1799,1
Cattle_18,1
Cattle_180,1
Cattle_1800,1
Cattle_1801,1
Cattle_1802,1
Cattle_1803,1
Cattle_1804,1
Cattle_1805,1
Cattle_1806,1
Cattle_1807,1
Cattle_1808,1
Cattle_1809,1
Cattle_181,1
Cattle_1810,1
Cattle_1811,1
Cattle_1812,1
Cattle_1813,1
Cattle_1814,1
Cattle_1815,1
Cattle_1816,1
Cattle_1817,1
Cattle_1818,1
Cattle_1819,1
Cattle_182,1
Cattle_1820,1
Cattle_1821,1
Cattle_1822,1
Cattle_1823,1
Cattle_1824,1
Cattle_1825,1
Cattle_1826,1
Cattle_1827,1
Cattle_1828,1
Cattle_1829,1
Cattle_183,1
Cattle_1830,1
Cattle_1831,1
Cattle_1832,1
Cattle_1833,1
Cattle_1834,1
Cattle_1835,1
Cattle_1836,1
Cattle_1837,1
Cattle_1838,1
Cattle_1839,1
Cattle_184,1
Cattle_1840,1
Cattle_1841,1
Cattle_1842,1
Cattle_1843,1
Cattle_1844,1
Cattle_1845,1
Cattle_1846,1
Cattle_1847,1
Cattle_1848,1
Cattle_1849,1
Cattle_185,1
Cattle_1850,1
Cattle_1851,1
Cattle_1852,1
Cattle_1853,1
Cattle_1854,1
Cattle_1855,1
Cattle_1856,1
Cattle_1857,1
Cattle_1858,1
Cattle_1859,1
Cattle_186,1
Cattle_1860,1
Cattle_1861,1
Cattle_1862,1
Cattle_1863,1
Cattle_1864,1
Cattle_1865,1
Cattle_1866,1
Cattle_1867,1
Cattle_1868,1
Cattle_1869,1
Cattle_187,1
Cattle_1870,1
Cattle_1871,1
Cattle_1872,1
Cattle_1873,1
Cattle_1874,1
Cattle_1875,1
Cattle_1876,1
Cattle_1877,1
Cattle_1878,1
Cattle_1879,1
Cattle_188,1
Cattle_1880,1
Cattle_1881,1
Cattle_1882,1
Cattle_1883,1
Cattle_1884,1
Cattle_1885,1
Cattle_1886,1
Cattle_1887,1
Cattle_1888,1
Cattle_1889,1
Cattle_189,1
Cattle_1890,1
Cattle_1891,1
Cattle_1892,1
Cattle_1893,1
Cattle_1894,1
Cattle_1895,1
Cattle_1896,1
Cattle_1897,1
Cattle_1898,1
Cattle_1899,1
Cattle_19,1
Cattle_190,1
Cattle_1900,1
Cattle_1901,1
Cattle_1902,1
Cattle_1903,1
Cattle_1904,1
Cattle_1905,1
Cattle_1906,1
Cattle_1907,1
Cattle_1908,1
Cattle_1909,1
Cattle_191,1
Cattle_1910,1
Cattle_1911,1
Cattle_1912,1
Cattle_1913,1
Cattle_1914,1
Cattle_1915,1
Cattle_1916,1
Cattle_1917,1
Cattle_1918,1
Cattle_1919,1
Cattle_192,1
Cattle_1920,1
Cattle_1921,1
Cattle_1922,1
Cattle_1923,1
Cattle_1924,1
Cattle_1925,1
Cattle_1926,1
Cattle_1927,1
Cattle_1928,1
Cattle_1929,1
Cattle_193,1
Cattle_1930,1
Cattle_1931,1
Cattle_1932,1
Cattle_1933,1
Cattle_1934,1
Cattle_1935,1
Cattle_1936,1
Cattle_1937,1
Cattle_1938,1
Cattle_1939,1
Cattle_194,1
Cattle_1940,1
Cattle_1941,1
Cattle_1942,1
Cattle_1943,1
Cattle_1944,1
Cattle_1945,1
Cattle_1946,1
Cattle_1947,1
Cattle_1948,1
Cattle_1949,1
Cattle_195,1
Cattle_1950,1
Cattle_1951,1
Cattle_1952,1
Cattle_1953,1
Cattle_1954,1
Cattle_1955,1
Cattle_1956,1
Cattle_1957,1
Cattle_1958,1
Cattle_1959,1
Cattle_196,1
Cattle_1960,1
Cattle_1961,1
Cattle_1962,1
Cattle_1963,1
Cattle_1964,1
Cattle_1965,1
Cattle_1966,1
Cattle_1967,1
Cattle_1968,1
Cattle_1969,1
Cattle_197,1
Cattle_1970,1
Cattle_1971,1
Cattle_1972,1
Cattle_1973,1
Cattle_1974,1
Cattle_1975,1
Cattle_1976,1
Cattle_1977,1
Cattle_1978,1
Cattle_1979,1
Cattle_198,1
Cattle_1980,1
Cattle_1981,1
Cattle_1982,1
Cattle_1983,1
Cattle_1984,1
Cattle_1985,1
Cattle_1986,1
Cattle_1987,1
Cattle_1988,1
Cattle_1989,1
Cattle_199,1
Cattle_1990,1
Cattle_1991,1
Cattle_1992,1
Cattle_1993,1
Cattle_1994,1
Cattle_1995,1
Cattle_1996,1
Cattle_1997,1
Cattle_1998,1
Cattle_1999,1
Cattle_2,1
Cattle_20,1
Cattle_200,1
Cattle_2000,1
Cattle_2001,1
Cattle_2002,1
Cattle_2003,1
Cattle_2004,1
Cattle_2005,1
Cattle_2006,1
Cattle_2007,1
Cattle_2008,1
Cattle_2009,1
Cattle_201,1
Cattle_2010,1
Cattle_2011,1
Cattle_2012,1
Cattle_2013,1
Cattle_2014,1
Cattle_2015,1
Cattle_2016,1
Cattle_2017,1
Cattle_2018,1
Cattle_2019,1
Cattle_202,1
Cattle_2020,1
Cattle_2021,1
Cattle_2022,1
Cattle_2023,1
Cattle_2024,1
Cattle_2025,1
Cattle_2026,1
Cattle_2027,1
Cattle_2028,1
Cattle_2029,1
Cattle_203,1
Cattle_2030,1
Cattle_2031,1
Cattle_2032,1
Cattle_2033,1
Cattle_2034,1
Cattle_2035,1
Cattle_2036,1
Cattle_2037,1
Cattle_2038,1
Cattle_2039,1
Cattle_204,1
Cattle_2040,1
Cattle_2041,1
Cattle_2042,1
Cattle_2043,1
Cattle_2044,1
Cattle_2045,1
Cattle_2046,1
Cattle_2047,1
Cattle_2048,1
Cattle_2049,1
Cattle_205,1
Cattle_2050,1
Cattle_2051,1
Cattle_2052,1
Cattle_2053,1
Cattle_2054,1
Cattle_2055,1
Cattle_2056,1
Cattle_2057,1
Cattle_2058,1
Cattle_2059,1
Cattle_206,1
Cattle_2060,1
Cattle_2061,1
Cattle_2062,1
Cattle_2063,1
Cattle_2064,1
Cattle_2065,1
Cattle_2066,1
Cattle_2067,1
Cattle_2068,1
Cattle_2069,1
Cattle_207,1
Cattle_2070,1
Cattle_2071,1
Cattle_2072,1
Cattle_2073,1
Cattle_2074,1
Cattle_2075,1
Cattle_2076,1
Cattle_2077,1
Cattle_2078,1
Cattle_2079,1
Cattle_208,1
Cattle_2080,1
Cattle_2081,1
Cattle_2082,1
Cattle_2083,1
Cattle_2084,1
Cattle_2085,1
Cattle_2086,1
Cattle_2087,1
Cattle_2088,1
Cattle_2089,1
Cattle_209,1
Cattle_2090,1
Cattle_2091,1
Cattle_2092,1
Cattle_2093,1
Cattle_2094,1
Cattle_2095,1
Cattle_2096,1
Cattle_2097,1
Cattle_2098,1
Cattle_2099,1
Cattle_21,1
Cattle_210,1
Cattle_2100,1
Cattle_2101,1
Cattle_2102,1
Cattle_2103,1
Cattle_2104,1
Cattle_2105,1
Cattle_2106,1
Cattle_2107,1
Cattle_2108,1
Cattle_2109,1
Cattle_211,1
Cattle_2110,1
Cattle_2111,1
Cattle_2112,1
Cattle_2113,1
Cattle_2114,1
Cattle_2115,1
Cattle_2116,1
Cattle_2117,1
Cattle_2118,1
Cattle_2119,1
Cattle_212,1
Cattle_2120,1
Cattle_2121,1
Cattle_2122,1
Cattle_2123,1
Cattle_2124,1
Cattle_2125,1
Cattle_2126,1
Cattle_2127,1
Cattle_2128,1
Cattle_2129,1
Cattle_213,1
Cattle_2130,1
Cattle_2131,1
Cattle_2132,1
Cattle_2133,1
Cattle_2134,1
Cattle_2135,1
Cattle_2136,1
Cattle_2137,1
Cattle_2138,1
Cattle_2139,1
Cattle_214,1
Cattle_2140,1
Cattle_2141,1
Cattle_2142,1
Cattle_2143,1
Cattle_2144,1
Cattle_2145,1
Cattle_2146,1
Cattle_2147,1
Cattle_2148,1
Cattle_2149,1
Cattle_215,1
Cattle_2150,1
Cattle_2151,1
Cattle_2152,1
Cattle_2153,1
Cattle_2154,1
Cattle_2155,1
Cattle_2156,1
Cattle_2157,1
Cattle_2158,1
Cattle_2159,1
Cattle_216,1
Cattle_2160,1
Cattle_2161,1
Cattle_2162,1
Cattle_2163,1
Cattle_2164,1
Cattle_2165,1
Cattle_2166,1
Cattle_2167,1
Cattle_2168,1
Cattle_2169,1
Cattle_217,1
Cattle_2170,1
Cattle_2171,1
Cattle_2172,1
Cattle_2173,1
Cattle_2174,1
Cattle_2175,1
Cattle_2176,1
Cattle_2177,1
Cattle_2178,1
Cattle_2179,1
Cattle_218,1
Cattle_2180,1
Cattle_2181,1
Cattle_2182,1
Cattle_2183,1
Cattle_2184,1
Cattle_2185,1
Cattle_2186,1
Cattle_2187,1
Cattle_2188,1
Cattle_2189,1
Cattle_219,1
Cattle_2190,1
Cattle_2191,1
Cattle_2192,1
Cattle_2193,1
Cattle_2194,1
Cattle_2195,1
Cattle_2196,1
Cattle_2197,1
Cattle_2198,1
Cattle_2199,1
Cattle_22,1
Cattle_220,1
Cattle_2200,1
Cattle_2201,1
Cattle_2202,1
Cattle_2203,1
Cattle_2204,1
Cattle_2205,1
Cattle_2206,1
Cattle_2207,1
Cattle_2208,1
Cattle_2209,1
Cattle_221,1
Cattle_2210,1
Cattle_2211,1
Cattle_2212,1
Cattle_2213,1
Cattle_2214,1
Cattle_2215,1
Cattle_2216,1
Cattle_2217,1
Cattle_2218,1
Cattle_2219,1
Cattle_222,1
Cattle_2220,1
Cattle_2221,1
Cattle_2222,1
Cattle_2223,1
Cattle_2224,1
Cattle_2225,1
Cattle_2226,1
Cattle_2227,1
Cattle_2228,1
Cattle_2229,1
Cattle_223,1
Cattle_2230,1
Cattle_2231,1
Cattle_2232,1
Cattle_2233,1
Cattle_2234,1
Cattle_2235,1
Cattle_2236,1
Cattle_2237,1
Cattle_2238,1
Cattle_2239,1
Cattle_224,1
Cattle_2240,1
Cattle_2241,1
Cattle_2242,1
Cattle_2243,1
Cattle_2244,1
Cattle_2245,1
Cattle_2246,1
Cattle_2247,1
Cattle_2248,1
Cattle_2249,1
Cattle_225,1
Cattle_2250,1
Cattle_2251,1
Cattle_2252,1
Cattle_2253,1
Cattle_2254,1
Cattle_2255,1
Cattle_2256,1
Cattle_2257,1
Cattle_2258,1
Cattle_2259,1
Cattle_226,1
Cattle_2260,1
Cattle_2261,1
Cattle_2262,1
Cattle_2263,1
Cattle_2264,1
Cattle_2265,1
Cattle_2266,1
Cattle_2267,1
Cattle_2268,1
Cattle_2269,1
Cattle_227,1
Cattle_2270,1
Cattle_2271,1
Cattle_2272,1
Cattle_2273,1
Cattle_2274,1
Cattle_2275,1
Cattle_2276,1
Cattle_2277,1
Cattle_2278,1
Cattle_2279,1
Cattle_228,1
Cattle_2280,1
Cattle_2281,1
Cattle_2282,1
Cattle_2283,1
Cattle_2284,1
Cattle_2285,1
Cattle_2286,1
Cattle_2287,1
Cattle_2288,1
Cattle_2289,1
Cattle_229,1
Cattle_2290,1
Cattle_2291,1
Cattle_2292,1
Cattle_2293,1
Cattle_2294,1
Cattle_2295,1
Cattle_2296,1
Cattle_2297,1
Cattle_2298,1
Cattle_2299,1
Cattle_23,1
Cattle_230,1
Cattle_2300,1
Cattle_2301,1
Cattle_2302,1
Cattle_2303,1
Cattle_2304,1
Cattle_2305,1
Cattle_2306,1
Cattle_2307,1
Cattle_2308,1
Cattle_2309,1
Cattle_231,1
Cattle_2310,1
Cattle_2311,1
Cattle_2312,1
Cattle_2313,1
Cattle_2314,1
Cattle_2315,1
Cattle_2316,1
Cattle_2317,1
Cattle_2318,1
Cattle_2319,1
Cattle_232,1
Cattle_2320,1
Cattle_2321,1
Cattle_2322,1
Cattle_2323,1
Cattle_2324,1
Cattle_2325,1
Cattle_2326,1
Cattle_2327,1
Cattle_2328,1
Cattle_2329,1
Cattle_233,1
Cattle_2330,1
Cattle_2331,1
Cattle_2332,1
Cattle_2333,1
Cattle_2334,1
Cattle_2335,1
Cattle_2336,1
Cattle_2337,1
Cattle_2338,1
Cattle_2339,1
Cattle_234,1
Cattle_2340,1
Cattle_2341,1
Cattle_2342,1
Cattle_2343,1
Cattle_2344,1
Cattle_2345,1
Cattle_2346,1
Cattle_2347,1
Cattle_2348,1
Cattle_2349,1
Cattle_235,1
Cattle_2350,1
Cattle_2351,1
Cattle_2352,1
Cattle_2353,1
Cattle_2354,1
Cattle_2355,1
Cattle_2356,1
Cattle_2357,1
Cattle_2358,1
Cattle_2359,1
Cattle_236,1
Cattle_2360,1
Cattle_2361,1
Cattle_2362,1
Cattle_2363,1
Cattle_2364,1
Cattle_2365,1
Cattle_2366,1
Cattle_2367,1
Cattle_2368,1
Cattle_2369,1
Cattle_237,1
Cattle_2370,1
Cattle_2371,1
Cattle_2372,1
Cattle_2373,1
Cattle_2374,1
Cattle_2375,1
Cattle_2376,1
Cattle_2377,1
Cattle_2378,1
Cattle_2379,1
Cattle_238,1
Cattle_2380,1
Cattle_2381,1
Cattle_2382,1
Cattle_2383,1
Cattle_2384,1
Cattle_2385,1
Cattle_2386,1
Cattle_2387,1
Cattle_2388,1
Cattle_2389,1
Cattle_239,1
Cattle_2390,1
Cattle_2391,1
Cattle_2392,1
Cattle_2393,1
Cattle_2394,1
Cattle_2395,1
Cattle_2396,1
Cattle_2397,1
Cattle_2398,1
Cattle_2399,1
Cattle_24,1
Cattle_240,1
Cattle_2400,1
Cattle_2401,1
Cattle_2402,1
Cattle_2403,1
Cattle_2404,1
Cattle_2405,1
Cattle_2406,1
Cattle_2407,1
Cattle_2408,1
Cattle_2409,1
Cattle_241,1
Cattle_2410,1
Cattle_2411,1
Cattle_2412,1
Cattle_2413,1
Cattle_2414,1
Cattle_2415,1
Cattle_2416,1
Cattle_2417,1
Cattle_2418,1
Cattle_2419,1
Cattle_242,1
Cattle_2420,1
Cattle_2421,1
Cattle_2422,1
Cattle_2423,1
Cattle_2424,1
Cattle_2425,1
Cattle_2426,1
Cattle_2427,1
Cattle_2428,1
Cattle_2429,1
Cattle_243,1
Cattle_2430,1
Cattle_2431,1
Cattle_2432,1
Cattle_2433,1
Cattle_2434,1
Cattle_2435,1
Cattle_2436,1
Cattle_2437,1
Cattle_2438,1
Cattle_2439,1
Cattle_244,1
Cattle_2440,1
Cattle_2441,1
Cattle_2442,1
Cattle_2443,1
Cattle_2444,1
Cattle_2445,1
Cattle_2446,1
Cattle_2447,1
Cattle_2448,1
Cattle_2449,1
Cattle_245,1
Cattle_2450,1
Cattle_2451,1
Cattle_2452,1
Cattle_2453,1
Cattle_2454,1
Cattle_2455,1
Cattle_2456,1
Cattle_2457,1
Cattle_2458,1
Cattle_2459,1
Cattle_246,1
Cattle_2460,1
Cattle_2461,1
Cattle_2462,1
Cattle_2463,1
Cattle_2464,1
Cattle_2465,1
Cattle_2466,1
Cattle_2467,1
Cattle_2468,1
Cattle_2469,1
Cattle_247,1
Cattle_2470,1
Cattle_2471,1
Cattle_2472,1
Cattle_2473,1
Cattle_2474,1
Cattle_2475,1
Cattle_2476,1
Cattle_2477,1
Cattle_2478,1
Cattle_2479,1
Cattle_248,1
Cattle_2480,1
Cattle_2481,1
Cattle_2482,1
Cattle_2483,1
Cattle_2484,1
Cattle_2485,1
Cattle_2486,1
Cattle_2487,1
Cattle_2488,1
Cattle_2489,1
Cattle_249,1
Cattle_2490,1
Cattle_2491,1
Cattle_2492,1
Cattle_2493,1
Cattle_2494,1
Cattle_2495,1
Cattle_2496,1
Cattle_2497,1
Cattle_25,1
Cattle_250,1
Cattle_251,1
Cattle_252,1
Cattle_253,1
Cattle_254,1
Cattle_255,1
Cattle_256,1
Cattle_257,1
Cattle_258,1
Cattle_259,1
Cattle_26,1
Cattle_260,1
Cattle_261,1
Cattle_262,1
Cattle_263,1
Cattle_264,1
Cattle_265,1
Cattle_266,1
Cattle_267,1
Cattle_268,1
Cattle_269,1
Cattle_27,1
Cattle_270,1
Cattle_271,1
Cattle_272,1
Cattle_273,1
Cattle_274,1
Cattle_275,1
Cattle_276,1
Cattle_277,1
Cattle_278,1
Cattle_279,1
Cattle_28,1
Cattle_280,1
Cattle_281,1
Cattle_282,1
Cattle_283,1
Cattle_284,1
Cattle_285,1
Cattle_286,1
Cattle_287,1
Cattle_288,1
Cattle_289,1
Cattle_29,1
Cattle_290,1
Cattle_291,1
Cattle_292,1
Cattle_293,1
Cattle_294,1
Cattle_295,1
Cattle_296,1
Cattle_297,1
Cattle_298,1
Cattle_299,1
Cattle_3,1
Cattle_30,1
Cattle_300,1
Cattle_301,1
Cattle_302,1
Cattle_303,1
Cattle_304,1
Cattle_305,1
Cattle_306,1
Cattle_307,1
Cattle_308,1
Cattle_309,1
Cattle_31,1
Cattle_310,1
Cattle_311,1
Cattle_312,1
Cattle_313,1
Cattle_314,1
Cattle_315,1
Cattle_316,1
Cattle_317,1
Cattle_318,1
Cattle_319,1
Cattle_32,1
Cattle_320,1
Cattle_321,1
Cattle_322,1
Cattle_323,1
Cattle_324,1
Cattle_325,1
Cattle_326,1
Cattle_327,1
Cattle_328,1
Cattle_329,1
Cattle_33,1
Cattle_330,1
Cattle_331,1
Cattle_332,1
Cattle_333,1
Cattle_334,1
Cattle_335,1
Cattle_336,1
Cattle_337,1
Cattle_338,1
Cattle_339,1
Cattle_34,1
Cattle_340,1
Cattle_341,1
Cattle_342,1
Cattle_343,1
Cattle_344,1
Cattle_345,1
Cattle_346,1
Cattle_347,1
Cattle_348,1
Cattle_349,1
Cattle_35,1
Cattle_350,1
Cattle_351,1
Cattle_352,1
Cattle_353,1
Cattle_354,1
Cattle_355,1
Cattle_356,1
Cattle_357,1
Cattle_358,1
Cattle_359,1
Cattle_36,1
Cattle_360,1
Cattle_361,1
Cattle_362,1
Cattle_363,1
Cattle_364,1
Cattle_365,1
Cattle_366,1
Cattle_367,1
Cattle_368,1
Cattle_369,1
Cattle_37,1
Cattle_370,1
Cattle_371,1
Cattle_372,1
Cattle_373,1
Cattle_374,1
Cattle_375,1
Cattle_376,1
Cattle_377,1
Cattle_378,1
Cattle_379,1
Cattle_38,1
Cattle_380,1
Cattle_381,1
Cattle_382,1
Cattle_383,1
Cattle_384,1
Cattle_385,1
Cattle_386,1
Cattle_387,1
Cattle_388,1
Cattle_389,1
Cattle_39,1
Cattle_390,1
Cattle_391,1
Cattle_392,1
Cattle_393,1
Cattle_394,1
Cattle_395,1
Cattle_396,1
Cattle_397,1
Cattle_398,1
Cattle_399,1
Cattle_4,1
Cattle_40,1
Cattle_400,1
Cattle_401,1
Cattle_402,1
Cattle_403,1
Cattle_404,1
Cattle_405,1
Cattle_406,1
Cattle_407,1
Cattle_408,1
Cattle_409,1
Cattle_41,1
Cattle_410,1
Cattle_411,1
Cattle_412,1
Cattle_413,1
Cattle_414,1
Cattle_415,1
Cattle_416,1
Cattle_417,1
Cattle_418,1
Cattle_419,1
Cattle_42,1
Cattle_420,1
Cattle_421,1
Cattle_422,1
Cattle_423,1
Cattle_424,1
Cattle_425,1
Cattle_426,1
Cattle_427,1
Cattle_428,1
Cattle_429,1
Cattle_43,1
Cattle_430,1
Cattle_431,1
Cattle_432,1
Cattle_433,1
Cattle_434,1
Cattle_435,1
Cattle_436,1
Cattle_437,1
Cattle_438,1
Cattle_439,1
Cattle_44,1
Cattle_440,1
Cattle_441,1
Cattle_442,1
Cattle_443,1
Cattle_444,1
Cattle_445,1
Cattle_446,1
Cattle_447,1
Cattle_448,1
Cattle_449,1
Cattle_45,1
Cattle_450,1
Cattle_451,1
Cattle_452,1
Cattle_453,1
Cattle_454,1
Cattle_455,1
Cattle_456,1
Cattle_457,1
Cattle_458,1
Cattle_459,1
Cattle_46,1
Cattle_460,1
Cattle_461,1
Cattle_462,1
Cattle_463,1
Cattle_464,1
Cattle_465,1
Cattle_466,1
Cattle_467,1
Cattle_468,1
Cattle_469,1
Cattle_47,1
Cattle_470,1
Cattle_471,1
Cattle_472,1
Cattle_473,1
Cattle_474,1
Cattle_475,1
Cattle_476,1
Cattle_477,1
Cattle_478,1
Cattle_479,1
Cattle_48,1
Cattle_480,1
Cattle_481,1
Cattle_482,1
Cattle_483,1
Cattle_484,1
Cattle_485,1
Cattle_486,1
Cattle_487,1
Cattle_488,1
Cattle_489,1
Cattle_49,1
Cattle_490,1
Cattle_491,1
Cattle_492,1
Cattle_493,1
Cattle_494,1
Cattle_495,1
Cattle_496,1
Cattle_497,1
Cattle_498,1
Cattle_499,1
Cattle_5,1
Cattle_50,1
Cattle_500,1
Cattle_501,1
Cattle_502,1
Cattle_503,1
Cattle_504,1
Cattle_505,1
Cattle_506,1
Cattle_507,1
Cattle_508,1
Cattle_509,1
Cattle_51,1
Cattle_510,1
Cattle_511,1
Cattle_512,1
Cattle_513,1
Cattle_514,1
Cattle_515,1
Cattle_516,1
Cattle_517,1
Cattle_518,1
Cattle_519,1
Cattle_52,1
Cattle_520,1
Cattle_521,1
Cattle_522,1
Cattle_523,1
Cattle_524,1
Cattle_525,1
Cattle_526,1
Cattle_527,1
Cattle_528,1
Cattle_529,1
Cattle_53,1
Cattle_530,1
Cattle_531,1
Cattle_532,1
Cattle_533,1
Cattle_534,1
Cattle_535,1
Cattle_536,1
Cattle_537,1
Cattle_538,1
Cattle_539,1
Cattle_54,1
Cattle_540,1
Cattle_541,1
Cattle_542,1
Cattle_543,1
Cattle_544,1
Cattle_545,1
Cattle_546,1
Cattle_547,1
Cattle_548,1
Cattle_549,1
Cattle_55,1
Cattle_550,1
Cattle_551,1
Cattle_552,1
Cattle_553,1
Cattle_554,1
Cattle_555,1
Cattle_556,1
Cattle_557,1
Cattle_558,1
Cattle_559,1
Cattle_56,1
Cattle_560,1
Cattle_561,1
Cattle_562,1
Cattle_563,1
Cattle_564,1
Cattle_565,1
Cattle_566,1
Cattle_567,1
Cattle_568,1
Cattle_569,1
Cattle_57,1
Cattle_570,1
Cattle_571,1
Cattle_572,1
Cattle_573,1
Cattle_574,1
Cattle_575,1
Cattle_576,1
Cattle_577,1
Cattle_578,1
Cattle_579,1
Cattle_58,1
Cattle_580,1
Cattle_581,1
Cattle_582,1
Cattle_583,1
Cattle_584,1
Cattle_585,1
Cattle_586,1
Cattle_587,1
Cattle_588,1
Cattle_589,1
Cattle_59,1
Cattle_590,1
Cattle_591,1
Cattle_592,1
Cattle_593,1
Cattle_594,1
Cattle_595,1
Cattle_596,1
Cattle_597,1
Cattle_598,1
Cattle_599,1
Cattle_6,1
Cattle_60,1
Cattle_600,1
Cattle_601,1
Cattle_602,1
Cattle_603,1
Cattle_604,1
Cattle_605,1
Cattle_606,1
Cattle_607,1
Cattle_608,1
Cattle_609,1
Cattle_61,1
Cattle_610,1
Cattle_611,1
Cattle_612,1
Cattle_613,1
Cattle_614,1
Cattle_615,1
Cattle_616,1
Cattle_617,1
Cattle_618,1
Cattle_619,1
Cattle_62,1
Cattle_620,1
Cattle_621,1
Cattle_622,1
Cattle_623,1
Cattle_624,1
Cattle_625,1
Cattle_626,1
Cattle_627,1
Cattle_628,1
Cattle_629,1
Cattle_63,1
Cattle_630,1
Cattle_631,1
Cattle_632,1
Cattle_633,1
Cattle_634,1
Cattle_635,1
Cattle_636,1
Cattle_637,1
Cattle_638,1
Cattle_639,1
Cattle_64,1
Cattle_640,1
Cattle_641,1
Cattle_642,1
Cattle_643,1
Cattle_644,1
Cattle_645,1
Cattle_646,1
Cattle_647,1
Cattle_648,1
Cattle_649,1
Cattle_65,1
Cattle_650,1
Cattle_651,1
Cattle_652,1
Cattle_653,1
Cattle_654,1
Cattle_655,1
Cattle_656,1
Cattle_657,1
Cattle_658,1
Cattle_659,1
Cattle_66,1
Cattle_660,1
Cattle_661,1
Cattle_662,1
Cattle_663,1
Cattle_664,1
Cattle_665,1
Cattle_666,1
Cattle_667,1
Cattle_668,1
Cattle_669,1
Cattle_67,1
Cattle_670,1
Cattle_671,1
Cattle_672,1
Cattle_673,1
Cattle_674,1
Cattle_675,1
Cattle_676,1
Cattle_677,1
Cattle_678,1
Cattle_679,1
Cattle_68,1
Cattle_680,1
Cattle_681,1
Cattle_682,1
Cattle_683,1
Cattle_684,1
Cattle_685,1
Cattle_686,1
Cattle_687,1
Cattle_688,1
Cattle_689,1
Cattle_69,1
Cattle_690,1
Cattle_691,1
Cattle_692,1
Cattle_693,1
Cattle_694,1
Cattle_695,1
Cattle_696,1
Cattle_697,1
Cattle_698,1
Cattle_699,1
Cattle_7,1
Cattle_70,1
Cattle_700,1
Cattle_701,1
Cattle_702,1
Cattle_703,1
Cattle_704,1
Cattle_705,1
Cattle_706,1
Cattle_707,1
Cattle_708,1
Cattle_709,1
Cattle_71,1
Cattle_710,1
Cattle_711,1
Cattle_712,1
Cattle_713,1
Cattle_714,1
Cattle_715,1
Cattle_716,1
Cattle_717,1
Cattle_718,1
Cattle_719,1
Cattle_72,1
Cattle_720,1
Cattle_721,1
Cattle_722,1
Cattle_723,1
Cattle_724,1
Cattle_725,1
Cattle_726,1
Cattle_727,1
Cattle_728,1
Cattle_729,1
Cattle_73,1
Cattle_730,1
Cattle_731,1
Cattle_732,1
Cattle_733,1
Cattle_734,1
Cattle_735,1
Cattle_736,1
Cattle_737,1
Cattle_738,1
Cattle_739,1
Cattle_74,1
Cattle_740,1
Cattle_741,1
Cattle_742,1
Cattle_743,1
Cattle_744,1
Cattle_745,1
Cattle_746,1
Cattle_747,1
Cattle_748,1
Cattle_749,1
Cattle_75,1
Cattle_750,1
Cattle_751,1
Cattle_752,1
Cattle_753,1
Cattle_754,1
Cattle_755,1
Cattle_756,1
Cattle_757,1
Cattle_758,1
Cattle_759,1
Cattle_76,1
Cattle_760,1
Cattle_761,1
Cattle_762,1
Cattle_763,1
Cattle_764,1
Cattle_765,1
Cattle_766,1
Cattle_767,1
Cattle_768,1
Cattle_769,1
Cattle_77,1
Cattle_770,1
Cattle_771,1
Cattle_772,1
Cattle_773,1
Cattle_774,1
Cattle_775,1
Cattle_776,1
Cattle_777,1
Cattle_778,1
Cattle_779,1
Cattle_78,1
Cattle_780,1
Cattle_781,1
Cattle_782,1
Cattle_783,1
Cattle_784,1
Cattle_785,1
Cattle_786,1
Cattle_787,1
Cattle_788,1
Cattle_789,1
Cattle_79,1
Cattle_790,1
Cattle_791,1
Cattle_792,1
Cattle_793,1
Cattle_794,1
Cattle_795,1
Cattle_796,1
Cattle_797,1
Cattle_798,1
Cattle_799,1
Cattle_8,1
Cattle_80,1
Cattle_800,1
Cattle_801,1
Cattle_802,1
Cattle_803,1
Cattle_804,1
Cattle_805,1
Cattle_806,1
Cattle_807,1
Cattle_808,1
Cattle_809,1
Cattle_81,1
Cattle_810,1
Cattle_811,1
Cattle_812,1
Cattle_813,1
Cattle_814,1
Cattle_815,1
Cattle_816,1
Cattle_817,1
Cattle_818,1
Cattle_819,1
Cattle_82,1
Cattle_820,1
Cattle_821,1
Cattle_822,1
Cattle_823,1
Cattle_824,1
Cattle_825,1
Cattle_826,1
Cattle_827,1
Cattle_828,1
Cattle_829,1
Cattle_83,1
Cattle_830,1
Cattle_831,1
Cattle_832,1
Cattle_833,1
Cattle_834,1
Cattle_835,1
Cattle_836,1
Cattle_837,1
Cattle_838,1
Cattle_839,1
Cattle_84,1
Cattle_840,1
Cattle_841,1
Cattle_842,1
Cattle_843,1
Cattle_844,1
Cattle_845,1
Cattle_846,1
Cattle_847,1
Cattle_848,1
Cattle_849,1
Cattle_85,1
Cattle_850,1
Cattle_851,1
Cattle_852,1
Cattle_853,1
Cattle_854,1
Cattle_855,1
Cattle_856,1
Cattle_857,1
Cattle_858,1
Cattle_859,1
Cattle_86,1
Cattle_860,1
Cattle_861,1
Cattle_862,1
Cattle_863,1
Cattle_864,1
Cattle_865,1
Cattle_866,1
Cattle_867,1
Cattle_868,1
Cattle_869,1
Cattle_87,1
Cattle_870,1
Cattle_871,1
Cattle_872,1
Cattle_873,1
Cattle_874,1
Cattle_875,1
Cattle_876,1
Cattle_877,1
Cattle_878,1
Cattle_879,1
Cattle_88,1
Cattle_880,1
Cattle_881,1
Cattle_882,1
Cattle_883,1
Cattle_884,1
Cattle_885,1
Cattle_886,1
Cattle_887,1
Cattle_888,1
Cattle_889,1
Cattle_89,1
Cattle_890,1
Cattle_891,1
Cattle_892,1
Cattle_893,1
Cattle_894,1
Cattle_895,1
Cattle_896,1
Cattle_897,1
Cattle_898,1
Cattle_899,1
Cattle_9,1
Cattle_90,1
Cattle_900,1
Cattle_901,1
Cattle_902,1
Cattle_903,1
Cattle_904,1
Cattle_905,1
Cattle_906,1
Cattle_907,1
Cattle_908,1
Cattle_909,1
Cattle_91,1
Cattle_910,1
Cattle_911,1
Cattle_912,1
Cattle_913,1
Cattle_914,1
Cattle_915,1
Cattle_916,1
Cattle_917,1
Cattle_918,1
Cattle_919,1
Cattle_92,1
Cattle_920,1
Cattle_921,1
Cattle_922,1
Cattle_923,1
Cattle_924,1
Cattle_925,1
Cattle_926,1
Cattle_927,1
Cattle_928,1
Cattle_929,1
Cattle_93,1
Cattle_930,1
Cattle_931,1
Cattle_932,1
Cattle_933,1
Cattle_934,1
Cattle_935,1
Cattle_936,1
Cattle_937,1
Cattle_938,1
Cattle_939,1
Cattle_94,1
Cattle_940,1
Cattle_941,1
Cattle_942,1
Cattle_943,1
Cattle_944,1
Cattle_945,1
Cattle_946,1
Cattle_947,1
Cattle_948,1
Cattle_949,1
Cattle_95,1
Cattle_950,1
Cattle_951,1
Cattle_952,1
Cattle_953,1
Cattle_954,1
Cattle_955,1
Cattle_956,1
Cattle_957,1
Cattle_958,1
Cattle_959,1
Cattle_96,1
Cattle_960,1
Cattle_961,1
Cattle_962,1
Cattle_963,1
Cattle_964,1
Cattle_965,1
Cattle_966,1
Cattle_967,1
Cattle_968,1
Cattle_969,1
Cattle_97,1
Cattle_970,1
Cattle_971,1
Cattle_972,1
Cattle_973,1
Cattle_974,1
Cattle_975,1
Cattle_976,1
Cattle_977,1
Cattle_978,1
Cattle_979,1
Cattle_98,1
Cattle_980,1
Cattle_981,1
Cattle_982,1
Cattle_983,1
Cattle_984,1
Cattle_985,1
Cattle_986,1
Cattle_987,1
Cattle_988,1
Cattle_989,1
Cattle_99,1
Cattle_990,1
Cattle_991,1
Cattle_992,1
Cattle_993,1
Cattle_994,1
Cattle_995,1
Cattle_996,1
Cattle_997,1
Cattle_998,1
Cattle_999,1
Elk_1,4
Elk_10,4
Elk_100,4
Elk_101,4
Elk_102,4
Elk_103,4
Elk_104,4
Elk_105,4
Elk_106,4
Elk_107,4
Elk_108,4
Elk_109,4
Elk_11,4
Elk_110,4
Elk_111,4
Elk_112,4
Elk_113,4
Elk_114,4
Elk_115,4
Elk_116,4
Elk_117,4
Elk_118,4
Elk_119,4
Elk_12,4
Elk_120,4
Elk_121,4
Elk_122,4
Elk_123,4
Elk_124,4
Elk_125,4
Elk_126,4
Elk_127,4
Elk_128,4
Elk_129,4
Elk_13,4
Elk_130,4
Elk_131,4
Elk_132,4
Elk_133,4
Elk_134,4
Elk_135,4
Elk_136,4
Elk_137,4
Elk_138,4
Elk_139,4
Elk_14,4
Elk_140,4
Elk_141,4
Elk_142,4
Elk_143,4
Elk_144,4
Elk_145,4
Elk_146,4
Elk_147,4
Elk_148,4
Elk_149,4
Elk_15,4
Elk_150,4
Elk_151,4
Elk_152,4
Elk_153,4
Elk_154,4
Elk_155,4
Elk_156,4
Elk_157,4
Elk_158,4
Elk_159,4
Elk_16,4
Elk_160,4
Elk_161,4
Elk_162,4
Elk_163,4
Elk_164,4
Elk_165,4
Elk_166,4
Elk_167,4
Elk_168,4
Elk_169,4
Elk_17,4
Elk_170,4
Elk_171,4
Elk_172,4
Elk_173,4
Elk_174,4
Elk_175,4
Elk_176,4
Elk_177,4
Elk_178,4
Elk_179,4
Elk_18,4
Elk_180,4
Elk_181,4
Elk_182,4
Elk_183,4
Elk_184,4
Elk_185,4
Elk_186,4
Elk_187,4
Elk_188,4
Elk_189,4
Elk_19,4
Elk_190,4
Elk_191,4
Elk_192,4
Elk_193,4
Elk_194,4
Elk_195,4
Elk_196,4
Elk_197,4
Elk_198,4
Elk_199,4
Elk_2,4
Elk_20,4
Elk_200,4
Elk_201,4
Elk_202,4
Elk_203,4
Elk_204,4
Elk_205,4
Elk_206,4
Elk_207,4
Elk_208,4
Elk_209,4
Elk_21,4
Elk_210,4
Elk_211,4
Elk_212,4
Elk_213,4
Elk_214,4
Elk_215,4
Elk_216,4
Elk_217,4
Elk_218,4
Elk_219,4
Elk_22,4
Elk_220,4
Elk_221,4
Elk_222,4
Elk_223,4
Elk_224,4
Elk_225,4
Elk_226,4
Elk_227,4
Elk_228,4
Elk_229,4
Elk_23,4
Elk_230,4
Elk_231,4
Elk_232,4
Elk_233,4
Elk_234,4
Elk_235,4
Elk_236,4
Elk_237,4
Elk_238,4
Elk_239,4
Elk_24,4
Elk_240,4
Elk_241,4
Elk_242,4
Elk_243,4
Elk_244,4
Elk_245,4
Elk_246,4
Elk_247,4
Elk_248,4
Elk_249,4
Elk_25,4
Elk_250,4
Elk_251,4
Elk_252,4
Elk_253,4
Elk_254,4
Elk_255,4
Elk_256,4
Elk_257,4
Elk_258,4
Elk_259,4
Elk_26,4
Elk_260,4
Elk_261,4
Elk_262,4
Elk_263,4
Elk_264,4
Elk_265,4
Elk_266,4
Elk_267,4
Elk_268,4
Elk_269,4
Elk_27,4
Elk_270,4
Elk_271,4
Elk_272,4
Elk_273,4
Elk_274,4
Elk_275,4
Elk_276,4
Elk_277,4
Elk_278,4
Elk_279,4
Elk_28,4
Elk_280,4
Elk_281,4
Elk_282,4
Elk_283,4
Elk_284,4
Elk_285,4
Elk_286,4
Elk_287,4
Elk_288,4
Elk_289,4
Elk_29,4
Elk_290,4
Elk_291,4
Elk_292,4
Elk_293,4
Elk_294,4
Elk_295,4
Elk_296,4
Elk_297,4
Elk_298,4
Elk_299,4
Elk_3,4
Elk_30,4
Elk_300,4
Elk_301,4
Elk_302,4
Elk_303,4
Elk_304,4
Elk_305,4
Elk_306,4
Elk_307,4
Elk_308,4
Elk_309,4
Elk_31,4
Elk_310,4
Elk_311,4
Elk_312,4
Elk_313,4
Elk_314,4
Elk_315,4
Elk_316,4
Elk_317,4
Elk_318,4
Elk_319,4
Elk_32,4
Elk_320,4
Elk_321,4
Elk_322,4
Elk_323,4
Elk_324,4
Elk_325,4
Elk_326,4
Elk_327,4
Elk_328,4
Elk_329,4
Elk_33,4
Elk_330,4
Elk_331,4
Elk_332,4
Elk_333,4
Elk_334,4
Elk_335,4
Elk_336,4
Elk_337,4
Elk_338,4
Elk_339,4
Elk_34,4
Elk_340,4
Elk_341,4
Elk_342,4
Elk_343,4
Elk_344,4
Elk_345,4
Elk_346,4
Elk_347,4
Elk_348,4
Elk_349,4
Elk_35,4
Elk_350,4
Elk_351,4
Elk_352,4
Elk_353,4
Elk_354,4
Elk_355,4
Elk_356,4
Elk_357,4
Elk_358,4
Elk_359,4
Elk_36,4
Elk_360,4
Elk_361,4
Elk_362,4
Elk_363,4
Elk_364,4
Elk_365,4
Elk_366,4
Elk_367,4
Elk_368,4
Elk_369,4
Elk_37,4
Elk_370,4
Elk_371,4
Elk_372,4
Elk_373,4
Elk_374,4
Elk_375,4
Elk_376,4
Elk_377,4
Elk_378,4
Elk_379,4
Elk_38,4
Elk_380,4
Elk_381,4
Elk_382,4
Elk_383,4
Elk_384,4
Elk_385,4
Elk_386,4
Elk_387,4
Elk_388,4
Elk_389,4
Elk_39,4
Elk_390,4
Elk_391,4
Elk_392,4
Elk_393,4
Elk_394,4
Elk_395,4
Elk_396,4
Elk_397,4
Elk_398,4
Elk_399,4
Elk_4,4
Elk_40,4
Elk_400,4
Elk_401,4
Elk_402,4
Elk_403,4
Elk_404,4
Elk_405,4
Elk_406,4
Elk_407,4
Elk_408,4
Elk_409,4
Elk_41,4
Elk_410,4
Elk_411,4
Elk_412,4
Elk_413,4
Elk_414,4
Elk_415,4
Elk_416,4
Elk_417,4
Elk_418,4
Elk_419,4
Elk_42,4
Elk_420,4
Elk_421,4
Elk_422,4
Elk_423,4
Elk_424,4
Elk_425,4
Elk_426,4
Elk_427,4
Elk_428,4
Elk_429,4
Elk_43,4
Elk_430,4
Elk_431,4
Elk_432,4
Elk_433,4
Elk_434,4
Elk_435,4
Elk_436,4
Elk_437,4
Elk_438,4
Elk_439,4
Elk_44,4
Elk_440,4
Elk_441,4
Elk_442,4
Elk_443,4
Elk_444,4
Elk_445,4
Elk_446,4
Elk_447,4
Elk_448,4
Elk_449,4
Elk_45,4
Elk_450,4
Elk_451,4
Elk_452,4
Elk_453,4
Elk_454,4
Elk_455,4
Elk_456,4
Elk_457,4
Elk_458,4
Elk_459,4
Elk_46,4
Elk_460,4
Elk_461,4
Elk_462,4
Elk_463,4
Elk_464,4
Elk_465,4
Elk_466,4
Elk_467,4
Elk_468,4
Elk_469,4
Elk_47,4
Elk_470,4
Elk_471,4
Elk_472,4
Elk_473,4
Elk_474,4
Elk_475,4
Elk_476,4
Elk_477,4
Elk_478,4
Elk_479,4
Elk_48,4
Elk_480,4
Elk_481,4
Elk_482,4
Elk_483,4
Elk_484,4
Elk_485,4
Elk_486,4
Elk_487,4
Elk_488,4
Elk_489,4
Elk_49,4
Elk_490,4
Elk_491,4
Elk_492,4
Elk_493,4
Elk_494,4
Elk_495,4
Elk_496,4
Elk_497,4
Elk_498,4
Elk_499,4
Elk_5,4
Elk_50,4
Elk_500,4
Elk_501,4
Elk_502,4
Elk_503,4
Elk_504,4
Elk_505,4
Elk_506,4
Elk_507,4
Elk_508,4
Elk_509,4
Elk_51,4
Elk_510,4
Elk_511,4
Elk_512,4
Elk_513,4
Elk_514,4
Elk_515,4
Elk_516,4
Elk_517,4
Elk_518,4
Elk_519,4
Elk_52,4
Elk_520,4
Elk_521,4
Elk_522,4
Elk_523,4
Elk_524,4
Elk_525,4
Elk_526,4
Elk_527,4
Elk_528,4
Elk_529,4
Elk_53,4
Elk_530,4
Elk_531,4
Elk_532,4
Elk_533,4
Elk_534,4
Elk_535,4
Elk_536,4
Elk_537,4
Elk_538,4
Elk_539,4
Elk_54,4
Elk_540,4
Elk_541,4
Elk_542,4
Elk_543,4
Elk_544,4
Elk_545,4
Elk_546,4
Elk_547,4
Elk_548,4
Elk_549,4
Elk_55,4
Elk_550,4
Elk_551,4
Elk_552,4
Elk_553,4
Elk_554,4
Elk_555,4
Elk_556,4
Elk_557,4
Elk_558,4
Elk_559,4
Elk_56,4
Elk_560,4
Elk_561,4
Elk_562,4
Elk_563,4
Elk_564,4
Elk_565,4
Elk_566,4
Elk_567,4
Elk_568,4
Elk_569,4
Elk_57,4
Elk_570,4
Elk_571,4
Elk_572,4
Elk_573,4
Elk_574,4
Elk_575,4
Elk_576,4
Elk_577,4
Elk_578,4
Elk_579,4
Elk_58,4
Elk_580,4
Elk_581,4
Elk_582,4
Elk_583,4
Elk_584,4
Elk_585,4
Elk_586,4
Elk_587,4
Elk_588,4
Elk_589,4
Elk_59,4
Elk_590,4
Elk_591,4
Elk_592,4
Elk_593,4
Elk_594,4
Elk_595,4
Elk_596,4
Elk_597,4
Elk_6,4
Elk_60,4
Elk_61,4
Elk_62,4
Elk_63,4
Elk_64,4
Elk_65,4
Elk_66,4
Elk_67,4
Elk_68,4
Elk_69,4
Elk_7,4
Elk_70,4
Elk_71,4
Elk_72,4
Elk_73,4
Elk_74,4
Elk_75,4
Elk_76,4
Elk_77,4
Elk_78,4
Elk_79,4
Elk_8,4
Elk_80,4
Elk_81,4
Elk_82,4
Elk_83,4
Elk_84,4
Elk_85,4
Elk_86,4
Elk_87,4
Elk_88,4
Elk_89,4
Elk_9,4
Elk_90,4
Elk_91,4
Elk_92,4
Elk_93,4
Elk_94,4
Elk_95,4
Elk_96,4
Elk_97,4
Elk_98,4
Elk_99,4
Moose_1,0
Moose_10,0
Moose_100,0
Moose_101,0
Moose_102,0
Moose_103,0
Moose_104,0
Moose_105,0
Moose_106,0
Moose_107,0
Moose_108,0
Moose_109,0
Moose_11,0
Moose_110,0
Moose_111,0
Moose_112,0
Moose_113,0
Moose_114,0
Moose_115,0
Moose_116,0
Moose_117,0
Moose_118,0
Moose_119,0
Moose_12,0
Moose_120,0
Moose_121,0
Moose_122,0
Moose_123,0
Moose_124,0
Moose_125,0
Moose_126,0
Moose_127,0
Moose_128,0
Moose_129,0
Moose_13,0
Moose_130,0
Moose_131,0
Moose_132,0
Moose_133,0
Moose_134,0
Moose_135,0
Moose_136,0
Moose_137,0
Moose_138,0
Moose_139,0
Moose_14,0
Moose_140,0
Moose_141,0
Moose_142,0
Moose_143,0
Moose_144,0
Moose_145,0
Moose_146,0
Moose_147,0
Moose_148,0
Moose_149,0
Moose_15,0
Moose_150,0
Moose_151,0
Moose_152,0
Moose_153,0
Moose_154,0
Moose_155,0
Moose_156,0
Moose_157,0
Moose_158,0
Moose_159,0
Moose_16,0
Moose_160,0
Moose_161,0
Moose_162,0
Moose_163,0
Moose_164,0
Moose_165,0
Moose_166,0
Moose_167,0
Moose_168,0
Moose_169,0
Moose_17,0
Moose_170,0
Moose_171,0
Moose_172,0
Moose_173,0
Moose_174,0
Moose_175,0
Moose_176,0
Moose_177,0
Moose_178,0
Moose_179,0
Moose_18,0
Moose_180,0
Moose_181,0
Moose_182,0
Moose_183,0
Moose_184,0
Moose_185,0
Moose_186,0
Moose_187,0
Moose_188,0
Moose_189,0
Moose_19,0
Moose_190,0
Moose_191,0
Moose_192,0
Moose_193,0
Moose_194,0
Moose_195,0
Moose_196,0
Moose_197,0
Moose_198,0
Moose_199,0
Moose_2,0
Moose_20,0
Moose_200,0
Moose_201,0
Moose_202,0
Moose_203,0
Moose_204,0
Moose_205,0
Moose_206,0
Moose_207,0
Moose_208,0
Moose_209,0
Moose_21,0
Moose_210,0
Moose_211,0
Moose_212,0
Moose_213,0
Moose_214,0
Moose_215,0
Moose_216,0
Moose_217,0
Moose_218,0
Moose_219,0
Moose_22,0
Moose_220,0
Moose_221,0
Moose_222,0
Moose_223,0
Moose_224,0
Moose_225,0
Moose_226,0
Moose_227,0
Moose_228,0
Moose_229,0
Moose_23,0
Moose_230,0
Moose_231,0
Moose_232,0
Moose_233,0
Moose_234,0
Moose_235,0
Moose_236,0
Moose_237,0
Moose_238,0
Moose_239,0
Moose_24,0
Moose_240,0
Moose_241,0
Moose_242,0
Moose_243,0
Moose_244,0
Moose_245,0
Moose_246,0
Moose_247,0
Moose_248,0
Moose_249,0
Moose_25,0
Moose_250,0
Moose_251,0
Moose_252,0
Moose_253,0
Moose_254,0
Moose_255,0
Moose_256,0
Moose_257,0
Moose_258,0
Moose_259,0
Moose_26,0
Moose_260,0
Moose_261,0
Moose_262,0
Moose_263,0
Moose_264,0
Moose_265,0
Moose_266,0
Moose_267,0
Moose_268,0
Moose_269,0
Moose_27,0
Moose_270,0
Moose_271,0
Moose_272,0
Moose_273,0
Moose_274,0
Moose_275,0
Moose_276,0
Moose_277,0
Moose_278,0
Moose_279,0
Moose_28,0
Moose_280,0
Moose_281,0
Moose_282,0
Moose_283,0
Moose_284,0
Moose_285,0
Moose_286,0
Moose_287,0
Moose_288,0
Moose_289,0
Moose_29,0
Moose_290,0
Moose_291,0
Moose_292,0
Moose_293,0
Moose_294,0
Moose_295,0
Moose_296,0
Moose_297,0
Moose_298,0
Moose_299,0
Moose_3,0
Moose_30,0
Moose_300,0
Moose_301,0
Moose_302,0
Moose_303,0
Moose_304,0
Moose_305,0
Moose_306,0
Moose_307,0
Moose_308,0
Moose_309,0
Moose_31,0
Moose_310,0
Moose_311,0
Moose_312,0
Moose_313,0
Moose_314,0
Moose_315,0
Moose_316,0
Moose_317,0
Moose_318,0
Moose_319,0
Moose_32,0
Moose_320,0
Moose_321,0
Moose_322,0
Moose_323,0
Moose_324,0
Moose_325,0
Moose_326,0
Moose_327,0
Moose_328,0
Moose_329,0
Moose_33,0
Moose_330,0
Moose_331,0
Moose_332,0
Moose_333,0
Moose_334,0
Moose_335,0
Moose_336,0
Moose_337,0
Moose_338,0
Moose_339,0
Moose_34,0
Moose_340,0
Moose_341,0
Moose_342,0
Moose_343,0
Moose_344,0
Moose_345,0
Moose_346,0
Moose_347,0
Moose_348,0
Moose_349,0
Moose_35,0
Moose_350,0
Moose_351,0
Moose_36,0
Moose_37,0
Moose_38,0
Moose_39,0
Moose_4,0
Moose_40,0
Moose_41,0
Moose_42,0
Moose_43,0
Moose_44,0
Moose_45,0
Moose_46,0
Moose_47,0
Moose_48,0
Moose_49,0
Moose_5,0
Moose_50,0
Moose_51,0
Moose_52,0
Moose_53,0
Moose_54,0
Moose_55,0
Moose_56,0
Moose_57,0
Moose_58,0
Moose_59,0
Moose_6,0
Moose_60,0
Moose_61,0
Moose_62,0
Moose_63,0
Moose_64,0
Moose_65,0
Moose_66,0
Moose_67,0
Moose_68,0
Moose_69,0
Moose_7,0
Moose_70,0
Moose_71,0
Moose_72,0
Moose_73,0
Moose_74,0
Moose_75,0
Moose_76,0
Moose_77,0
Moose_78,0
Moose_79,0
Moose_8,0
Moose_80,0
Moose_81,0
Moose_82,0
Moose_83,0
Moose_84,0
Moose_85,0
Moose_86,0
Moose_87,0
Moose_88,0
Moose_89,0
Moose_9,0
Moose_90,0
Moose_91,0
Moose_92,0
Moose_93,0
Moose_94,0
Moose_95,0
Moose_96,0
Moose_97,0
Moose_98,0
Moose_99,0
Mule deer_1,17
Mule deer_10,17
Mule deer_100,17
Mule deer_101,17
Mule deer_102,17
Mule deer_103,17
Mule deer_104,17
Mule deer_105,17
Mule deer_106,17
Mule deer_107,17
Mule deer_108,17
Mule deer_109,17
Mule deer_11,17
Mule deer_110,17
Mule deer_111,17
Mule deer_112,17
Mule deer_113,17
Mule deer_114,17
Mule deer_115,17
Mule deer_116,17
Mule deer_117,17
Mule deer_118,17
Mule deer_119,17
Mule deer_12,17
Mule deer_120,17
Mule deer_121,17
Mule deer_122,17
Mule deer_123,17
Mule deer_124,17
Mule deer_125,17
Mule deer_126,17
Mule deer_127,17
Mule deer_128,17
Mule deer_129,17
Mule deer_13,17
Mule deer_130,17
Mule deer_131,17
Mule deer_132,17
Mule deer_133,17
Mule deer_134,17
Mule deer_135,17
Mule deer_136,17
Mule deer_137,17
Mule deer_138,17
Mule deer_139,17
Mule deer_14,17
Mule deer_140,17
Mule deer_141,17
Mule deer_142,17
Mule deer_143,17
Mule deer_144,17
Mule deer_145,17
Mule deer_146,17
Mule deer_147,17
Mule deer_148,17
Mule deer_149,17
Mule deer_15,17
Mule deer_150,17
Mule deer_151,17
Mule deer_152,17
Mule deer_153,17
Mule deer_154,17
Mule deer_155,17
Mule deer_156,17
Mule deer_157,17
Mule deer_158,17
Mule deer_159,17
Mule deer_16,17
Mule deer_160,17
Mule deer_161,17
Mule deer_162,17
Mule deer_163,17
Mule deer_164,17
Mule deer_165,17
Mule deer_166,17
Mule deer_167,17
Mule deer_168,17
Mule deer_169,17
Mule deer_17,17
Mule deer_170,17
Mule deer_171,17
Mule deer_172,17
Mule deer_173,17
Mule deer_174,17
Mule deer_175,17
Mule deer_176,17
Mule deer_177,17
Mule deer_178,17
Mule deer_179,17
Mule deer_18,17
Mule deer_180,17
Mule deer_181,17
Mule deer_182,17
Mule deer_183,17
Mule deer_184,17
Mule deer_185,17
Mule deer_186,17
Mule deer_187,17
Mule deer_188,17
Mule deer_189,17
Mule deer_19,17
Mule deer_190,17
Mule deer_191,17
Mule deer_192,17
Mule deer_193,17
Mule deer_194,17
Mule deer_195,17
Mule deer_196,17
Mule deer_197,17
Mule deer_198,17
Mule deer_199,17
Mule deer_2,17
Mule deer_20,17
Mule deer_200,17
Mule deer_201,17
Mule deer_202,17
Mule deer_203,17
Mule deer_204,17
Mule deer_205,17
Mule deer_206,17
Mule deer_207,17
Mule deer_208,17
Mule deer_209,17
Mule deer_21,17
Mule deer_210,17
Mule deer_211,17
Mule deer_212,17
Mule deer_213,17
Mule deer_214,17
Mule deer_215,17
Mule deer_216,17
Mule deer_217,17
Mule deer_218,17
Mule deer_219,17
Mule deer_22,17
Mule deer_220,17
Mule deer_221,17
Mule deer_222,17
Mule deer_223,17
Mule deer_224,17
Mule deer_225,17
Mule deer_226,17
Mule deer_227,17
Mule deer_228,17
Mule deer_229,17
Mule deer_23,17
Mule deer_230,17
Mule deer_231,17
Mule deer_232,17
Mule deer_233,17
Mule deer_234,17
Mule deer_235,17
Mule deer_236,17
Mule deer_237,17
Mule deer_238,17
Mule deer_239,17
Mule deer_24,17
Mule deer_240,17
Mule deer_241,17
Mule deer_242,17
Mule deer_243,17
Mule deer_244,17
Mule deer_245,17
Mule deer_246,17
Mule deer_247,17
Mule deer_248,17
Mule deer_249,17
Mule deer_25,17
Mule deer_250,17
Mule deer_251,17
Mule deer_252,17
Mule deer_253,17
Mule deer_254,17
Mule deer_255,17
Mule deer_256,17
Mule deer_257,17
Mule deer_258,17
Mule deer_259,17
Mule deer_26,17
Mule deer_260,17
Mule deer_261,17
Mule deer_262,17
Mule deer_263,17
Mule deer_264,17
Mule deer_265,17
Mule deer_266,17
Mule deer_267,17
Mule deer_268,17
Mule deer_269,17
Mule deer_27,17
Mule deer_270,17
Mule deer_271,17
Mule deer_272,17
Mule deer_273,17
Mule deer_274,17
Mule deer_275,17
Mule deer_276,17
Mule deer_277,17
Mule deer_278,17
Mule deer_279,17
Mule deer_28,17
Mule deer_280,17
Mule deer_281,17
Mule deer_282,17
Mule deer_283,17
Mule deer_284,17
Mule deer_285,17
Mule deer_286,17
Mule deer_287,17
Mule deer_288,17
Mule deer_289,17
Mule deer_29,17
Mule deer_290,17
Mule deer_291,17
Mule deer_292,17
Mule deer_293,17
Mule deer_294,17
Mule deer_295,17
Mule deer_296,17
Mule deer_297,17
Mule deer_298,17
Mule deer_299,17
Mule deer_3,17
Mule deer_30,17
Mule deer_300,17
Mule deer_301,17
Mule deer_302,17
Mule deer_303,17
Mule deer_304,17
Mule deer_305,17
Mule deer_306,17
Mule deer_307,17
Mule deer_308,17
Mule deer_309,17
Mule deer_31,17
Mule deer_310,17
Mule deer_311,17
Mule deer_312,17
Mule deer_313,17
Mule deer_314,17
Mule deer_315,17
Mule deer_316,17
Mule deer_317,17
Mule deer_318,17
Mule deer_319,17
Mule deer_32,17
Mule deer_320,17
Mule deer_321,17
Mule deer_322,17
Mule deer_323,17
Mule deer_324,17
Mule deer_325,17
Mule deer_326,17
Mule deer_327,17
Mule deer_328,17
Mule deer_329,17
Mule deer_33,17
Mule deer_330,17
Mule deer_331,17
Mule deer_332,17
Mule deer_333,17
Mule deer_334,17
Mule deer_335,17
Mule deer_336,17
Mule deer_337,17
Mule deer_338,17
Mule deer_339,17
Mule deer_34,17
Mule deer_340,17
Mule deer_341,17
Mule deer_342,17
Mule deer_343,17
Mule deer_344,17
Mule deer_345,17
Mule deer_346,17
Mule deer_347,17
Mule deer_348,17
Mule deer_349,17
Mule deer_35,17
Mule deer_350,17
Mule deer_351,17
Mule deer_352,17
Mule deer_353,17
Mule deer_354,17
Mule deer_355,17
Mule deer_356,17
Mule deer_357,17
Mule deer_358,17
Mule deer_359,17
Mule deer_36,17
Mule deer_360,17
Mule deer_361,17
Mule deer_362,17
Mule deer_363,17
Mule deer_364,17
Mule deer_365,17
Mule deer_366,17
Mule deer_367,17
Mule deer_368,17
Mule deer_369,17
Mule deer_37,17
Mule deer_370,17
Mule deer_371,17
Mule deer_372,17
Mule deer_373,17
Mule deer_374,17
Mule deer_375,17
Mule deer_38,17
Mule deer_39,17
Mule deer_4,17
Mule deer_40,17
Mule deer_41,17
Mule deer_42,17
Mule deer_43,17
Mule deer_44,17
Mule deer_45,17
Mule deer_46,17
Mule deer_47,17
Mule deer_48,17
Mule deer_49,17
Mule deer_5,17
Mule deer_50,17
Mule deer_51,17
Mule deer_52,17
Mule deer_53,17
Mule deer_54,17
Mule deer_55,17
Mule deer_56,17
Mule deer_57,17
Mule deer_58,17
Mule deer_59,17
Mule deer_6,17
Mule deer_60,17
Mule deer_61,17
Mule deer_62,17
Mule deer_63,17
Mule deer_64,17
Mule deer_65,17
Mule deer_66,17
Mule deer_67,17
Mule deer_68,17
Mule deer_69,17
Mule deer_7,17
Mule deer_70,17
Mule deer_71,17
Mule deer_72,17
Mule deer_73,17
Mule deer_74,17
Mule deer_75,17
Mule deer_76,17
Mule deer_77,17
Mule deer_78,17
Mule deer_79,17
Mule deer_8,17
Mule deer_80,17
Mule deer_81,17
Mule deer_82,17
Mule deer_83,17
Mule deer_84,17
Mule deer_85,17
Mule deer_86,17
Mule deer_87,17
Mule deer_88,17
Mule deer_89,17
Mule deer_9,17
Mule deer_90,17
Mule deer_91,17
Mule deer_92,17
Mule deer_93,17
Mule deer_94,17
Mule deer_95,17
Mule deer_96,17
Mule deer_97,17
Mule deer_98,17
Mule deer_99,17
Raccoon_1,19
Raccoon_10,19
Raccoon_100,19
Raccoon_101,19
Raccoon_102,19
Raccoon_103,19
Raccoon_104,19
Raccoon_105,19
Raccoon_106,19
Raccoon_107,19
Raccoon_108,19
Raccoon_109,19
Raccoon_11,19
Raccoon_110,19
Raccoon_111,19
Raccoon_112,19
Raccoon_113,19
Raccoon_114,19
Raccoon_115,19
Raccoon_116,19
Raccoon_117,19
Raccoon_118,19
Raccoon_119,19
Raccoon_12,19
Raccoon_120,19
Raccoon_121,19
Raccoon_122,19
Raccoon_123,19
Raccoon_124,19
Raccoon_125,19
Raccoon_126,19
Raccoon_127,19
Raccoon_128,19
Raccoon_129,19
Raccoon_13,19
Raccoon_130,19
Raccoon_131,19
Raccoon_132,19
Raccoon_133,19
Raccoon_134,19
Raccoon_135,19
Raccoon_136,19
Raccoon_137,19
Raccoon_138,19
Raccoon_139,19
Raccoon_14,19
Raccoon_140,19
Raccoon_141,19
Raccoon_142,19
Raccoon_143,19
Raccoon_144,19
Raccoon_145,19
Raccoon_146,19
Raccoon_147,19
Raccoon_148,19
Raccoon_15,19
Raccoon_16,19
Raccoon_17,19
Raccoon_18,19
Raccoon_19,19
Raccoon_2,19
Raccoon_20,19
Raccoon_21,19
Raccoon_22,19
Raccoon_23,19
Raccoon_24,19
Raccoon_25,19
Raccoon_26,19
Raccoon_27,19
Raccoon_28,19
Raccoon_29,19
Raccoon_3,19
Raccoon_30,19
Raccoon_31,19
Raccoon_32,19
Raccoon_33,19
Raccoon_34,19
Raccoon_35,19
Raccoon_36,19
Raccoon_37,19
Raccoon_38,19
Raccoon_39,19
Raccoon_4,19
Raccoon_40,19
Raccoon_41,19
Raccoon_42,19
Raccoon_43,19
Raccoon_44,19
Raccoon_45,19
Raccoon_46,19
Raccoon_47,19
Raccoon_48,19
Raccoon_49,19
Raccoon_5,19
Raccoon_50,19
Raccoon_51,19
Raccoon_52,19
Raccoon_53,19
Raccoon_54,19
Raccoon_55,19
Raccoon_56,19
Raccoon_57,19
Raccoon_58,19
Raccoon_59,19
Raccoon_6,19
Raccoon_60,19
Raccoon_61,19
Raccoon_62,19
Raccoon_63,19
Raccoon_64,19
Raccoon_65,19
Raccoon_66,19
Raccoon_67,19
Raccoon_68,19
Raccoon_69,19
Raccoon_7,19
Raccoon_70,19
Raccoon_71,19
Raccoon_72,19
Raccoon_73,19
Raccoon_74,19
Raccoon_75,19
Raccoon_76,19
Raccoon_77,19
Raccoon_78,19
Raccoon_79,19
Raccoon_8,19
Raccoon_80,19
Raccoon_81,19
Raccoon_82,19
Raccoon_83,19
Raccoon_84,19
Raccoon_85,19
Raccoon_86,19
Raccoon_87,19
Raccoon_88,19
Raccoon_89,19
Raccoon_9,19
Raccoon_90,19
Raccoon_91,19
Raccoon_92,19
Raccoon_93,19
Raccoon_94,19
Raccoon_95,19
Raccoon_96,19
Raccoon_97,19
Raccoon_98,19
Raccoon_99,19
Skunk_1,14
Skunk_10,14
Skunk_100,14
Skunk_101,14
Skunk_102,14
Skunk_103,14
Skunk_104,14
Skunk_105,14
Skunk_106,14
Skunk_107,14
Skunk_108,14
Skunk_109,14
Skunk_11,14
Skunk_110,14
Skunk_111,14
Skunk_112,14
Skunk_113,14
Skunk_114,14
Skunk_115,14
Skunk_116,14
Skunk_117,14
Skunk_118,14
Skunk_119,14
Skunk_12,14
Skunk_120,14
Skunk_121,14
Skunk_122,14
Skunk_123,14
Skunk_124,14
Skunk_125,14
Skunk_126,14
Skunk_127,14
Skunk_128,14
Skunk_129,14
Skunk_13,14
Skunk_130,14
Skunk_14,14
Skunk_15,14
Skunk_16,14
Skunk_17,14
Skunk_18,14
Skunk_19,14
Skunk_2,14
Skunk_20,14
Skunk_21,14
Skunk_22,14
Skunk_23,14
Skunk_24,14
Skunk_25,14
Skunk_26,14
Skunk_27,14
Skunk_28,14
Skunk_29,14
Skunk_3,14
Skunk_30,14
Skunk_31,14
Skunk_32,14
Skunk_33,14
Skunk_34,14
Skunk_35,14
Skunk_36,14
Skunk_37,14
Skunk_38,14
Skunk_39,14
Skunk_4,14
Skunk_40,14
Skunk_41,14
Skunk_42,14
Skunk_43,14
Skunk_44,14
Skunk_45,14
Skunk_46,14
Skunk_47,14
Skunk_48,14
Skunk_49,14
Skunk_5,14
Skunk_50,14
Skunk_51,14
Skunk_52,14
Skunk_53,14
Skunk_54,14
Skunk_55,14
Skunk_56,14
Skunk_57,14
Skunk_58,14
Skunk_59,14
Skunk_6,14
Skunk_60,14
Skunk_61,14
Skunk_62,14
Skunk_63,14
Skunk_64,14
Skunk_65,14
Skunk_66,14
Skunk_67,14
Skunk_68,14
Skunk_69,14
Skunk_7,14
Skunk_70,14
Skunk_71,14
Skunk_72,14
Skunk_73,14
Skunk_74,14
Skunk_75,14
Skunk_76,14
Skunk_77,14
Skunk_78,14
Skunk_79,14
Skunk_8,14
Skunk_80,14
Skunk_81,14
Skunk_82,14
Skunk_83,14
Skunk_84,14
Skunk_85,14
Skunk_86,14
Skunk_87,14
Skunk_88,14
Skunk_89,14
Skunk_9,14
Skunk_90,14
Skunk_91,14
Skunk_92,14
Skunk_93,14
Skunk_94,14
Skunk_95,14
Skunk_96,14
Skunk_97,14
Skunk_98,14
Skunk_99,14
Squirrel_1,21
Squirrel_10,21
Squirrel_100,21
Squirrel_101,21
Squirrel_102,21
Squirrel_103,21
Squirrel_104,21
Squirrel_105,21
Squirrel_106,21
Squirrel_107,21
Squirrel_108,21
Squirrel_109,21
Squirrel_11,21
Squirrel_110,21
Squirrel_111,21
Squirrel_112,21
Squirrel_113,21
Squirrel_114,21
Squirrel_115,21
Squirrel_116,21
Squirrel_117,21
Squirrel_118,21
Squirrel_119,21
Squirrel_12,21
Squirrel_120,21
Squirrel_121,21
Squirrel_122,21
Squirrel_123,21
Squirrel_124,21
Squirrel_125,21
Squirrel_126,21
Squirrel_127,21
Squirrel_128,21
Squirrel_129,21
Squirrel_13,21
Squirrel_130,21
Squirrel_131,21
Squirrel_132,21
Squirrel_133,21
Squirrel_134,21
Squirrel_135,21
Squirrel_136,21
Squirrel_137,21
Squirrel_138,21
Squirrel_139,21
Squirrel_14,21
Squirrel_140,21
Squirrel_141,21
Squirrel_142,21
Squirrel_143,21
Squirrel_144,21
Squirrel_145,21
Squirrel_146,21
Squirrel_147,21
Squirrel_148,21
Squirrel_149,21
Squirrel_15,21
Squirrel_150,21
Squirrel_151,21
Squirrel_152,21
Squirrel_153,21
Squirrel_154,21
Squirrel_155,21
Squirrel_156,21
Squirrel_157,21
Squirrel_158,21
Squirrel_159,21
Squirrel_16,21
Squirrel_160,21
Squirrel_161,21
Squirrel_162,21
Squirrel_163,21
Squirrel_164,21
Squirrel_165,21
Squirrel_166,21
Squirrel_167,21
Squirrel_168,21
Squirrel_169,21
Squirrel_17,21
Squirrel_170,21
Squirrel_171,21
Squirrel_172,21
Squirrel_173,21
Squirrel_174,21
Squirrel_175,21
Squirrel_176,21
Squirrel_177,21
Squirrel_178,21
Squirrel_179,21
Squirrel_18,21
Squirrel_180,21
Squirrel_181,21
Squirrel_182,21
Squirrel_183,21
Squirrel_184,21
Squirrel_185,21
Squirrel_186,21
Squirrel_187,21
Squirrel_188,21
Squirrel_189,21
Squirrel_19,21
Squirrel_190,21
Squirrel_191,21
Squirrel_192,21
Squirrel_193,21
Squirrel_194,21
Squirrel_195,21
Squirrel_196,21
Squirrel_197,21
Squirrel_198,21
Squirrel_199,21
Squirrel_2,21
Squirrel_20,21
Squirrel_200,21
Squirrel_201,21
Squirrel_202,21
Squirrel_203,21
Squirrel_204,21
Squirrel_21,21
Squirrel_22,21
Squirrel_23,21
Squirrel_24,21
Squirrel_25,21
Squirrel_26,21
Squirrel_27,21
Squirrel_28,21
Squirrel_29,21
Squirrel_3,21
Squirrel_30,21
Squirrel_31,21
Squirrel_32,21
Squirrel_33,21
Squirrel_34,21
Squirrel_35,21
Squirrel_36,21
Squirrel_37,21
Squirrel_38,21
Squirrel_39,21
Squirrel_4,21
Squirrel_40,21
Squirrel_41,21
Squirrel_42,21
Squirrel_43,21
Squirrel_44,21
Squirrel_45,21
Squirrel_46,21
Squirrel_47,21
Squirrel_48,21
Squirrel_49,21
Squirrel_5,21
Squirrel_50,21
Squirrel_51,21
Squirrel_52,21
Squirrel_53,21
Squirrel_54,21
Squirrel_55,21
Squirrel_56,21
Squirrel_57,21
Squirrel_58,21
Squirrel_59,21
Squirrel_6,21
Squirrel_60,21
Squirrel_61,21
Squirrel_62,21
Squirrel_63,21
Squirrel_64,21
Squirrel_65,21
Squirrel_66,21
Squirrel_67,21
Squirrel_68,21
Squirrel_69,21
Squirrel_7,21
Squirrel_70,21
Squirrel_71,21
Squirrel_72,21
Squirrel_73,21
Squirrel_74,21
Squirrel_75,21
Squirrel_76,21
Squirrel_77,21
Squirrel_78,21
Squirrel_79,21
Squirrel_8,21
Squirrel_80,21
Squirrel_81,21
Squirrel_82,21
Squirrel_83,21
Squirrel_84,21
Squirrel_85,21
Squirrel_86,21
Squirrel_87,21
Squirrel_88,21
Squirrel_89,21
Squirrel_9,21
Squirrel_90,21
Squirrel_91,21
Squirrel_92,21
Squirrel_93,21
Squirrel_94,21
Squirrel_95,21
Squirrel_96,21
Squirrel_97,21
Squirrel_98,21
Squirrel_99,21
White-tailed deer_1,18
White-tailed deer_10,18
White-tailed deer_100,18
White-tailed deer_101,18
White-tailed deer_102,18
White-tailed deer_103,18
White-tailed deer_104,18
White-tailed deer_105,18
White-tailed deer_106,18
White-tailed deer_107,18
White-tailed deer_108,18
White-tailed deer_109,18
White-tailed deer_11,18
White-tailed deer_110,18
White-tailed deer_111,18
White-tailed deer_112,18
White-tailed deer_113,18
White-tailed deer_114,18
White-tailed deer_115,18
White-tailed deer_116,18
White-tailed deer_117,18
White-tailed deer_118,18
White-tailed deer_119,18
White-tailed deer_12,18
White-tailed deer_120,18
White-tailed deer_121,18
White-tailed deer_122,18
White-tailed deer_123,18
White-tailed deer_124,18
White-tailed deer_125,18
White-tailed deer_126,18
White-tailed deer_127,18
White-tailed deer_128,18
White-tailed deer_129,18
White-tailed deer_13,18
White-tailed deer_130,18
White-tailed deer_131,18
White-tailed deer_132,18
White-tailed deer_133,18
White-tailed deer_134,18
White-tailed deer_135,18
White-tailed deer_136,18
White-tailed deer_137,18
White-tailed deer_138,18
White-tailed deer_139,18
White-tailed deer_14,18
White-tailed deer_140,18
White-tailed deer_141,18
White-tailed deer_142,18
White-tailed deer_143,18
White-tailed deer_144,18
White-tailed deer_145,18
White-tailed deer_146,18
White-tailed deer_147,18
White-tailed deer_148,18
White-tailed deer_149,18
White-tailed deer_15,18
White-tailed deer_150,18
White-tailed deer_151,18
White-tailed deer_152,18
White-tailed deer_153,18
White-tailed deer_154,18
White-tailed deer_155,18
White-tailed deer_156,18
White-tailed deer_157,18
White-tailed deer_158,18
White-tailed deer_159,18
White-tailed deer_16,18
White-tailed deer_160,18
White-tailed deer_161,18
White-tailed deer_162,18
White-tailed deer_163,18
White-tailed deer_164,18
White-tailed deer_165,18
White-tailed deer_166,18
White-tailed deer_167,18
White-tailed deer_168,18
White-tailed deer_169,18
White-tailed deer_17,18
White-tailed deer_170,18
White-tailed deer_171,18
White-tailed deer_172,18
White-tailed deer_173,18
White-tailed deer_174,18
White-tailed deer_175,18
White-tailed deer_176,18
White-tailed deer_177,18
White-tailed deer_178,18
White-tailed deer_179,18
White-tailed deer_18,18
White-tailed deer_180,18
White-tailed deer_181,18
White-tailed deer_182,18
White-tailed deer_183,18
White-tailed deer_184,18
White-tailed deer_185,18
White-tailed deer_186,18
White-tailed deer_187,18
White-tailed deer_188,18
White-tailed deer_189,18
White-tailed deer_19,18
White-tailed deer_190,18
White-tailed deer_191,18
White-tailed deer_192,18
White-tailed deer_193,18
White-tailed deer_194,18
White-tailed deer_195,18
White-tailed deer_196,18
White-tailed deer_197,18
White-tailed deer_198,18
White-tailed deer_199,18
White-tailed deer_2,18
White-tailed deer_20,18
White-tailed deer_200,18
White-tailed deer_201,18
White-tailed deer_202,18
White-tailed deer_203,18
White-tailed deer_204,18
White-tailed deer_205,18
White-tailed deer_206,18
White-tailed deer_207,18
White-tailed deer_208,18
White-tailed deer_209,18
White-tailed deer_21,18
White-tailed deer_210,18
White-tailed deer_211,18
White-tailed deer_212,18
White-tailed deer_213,18
White-tailed deer_214,18
White-tailed deer_215,18
White-tailed deer_216,18
White-tailed deer_217,18
White-tailed deer_218,18
White-tailed deer_219,18
White-tailed deer_22,18
White-tailed deer_220,18
White-tailed deer_221,18
White-tailed deer_222,18
White-tailed deer_223,18
White-tailed deer_224,18
White-tailed deer_225,18
White-tailed deer_226,18
White-tailed deer_227,18
White-tailed deer_228,18
White-tailed deer_229,18
White-tailed deer_23,18
White-tailed deer_230,18
White-tailed deer_231,18
White-tailed deer_232,18
White-tailed deer_233,18
White-tailed deer_234,18
White-tailed deer_235,18
White-tailed deer_236,18
White-tailed deer_237,18
White-tailed deer_238,18
White-tailed deer_239,18
White-tailed deer_24,18
White-tailed deer_240,18
White-tailed deer_241,18
White-tailed deer_242,18
White-tailed deer_243,18
White-tailed deer_244,18
White-tailed deer_245,18
White-tailed deer_246,18
White-tailed deer_247,18
White-tailed deer_248,18
White-tailed deer_249,18
White-tailed deer_25,18
White-tailed deer_250,18
White-tailed deer_251,18
White-tailed deer_252,18
White-tailed deer_253,18
White-tailed deer_254,18
White-tailed deer_255,18
White-tailed deer_256,18
White-tailed deer_257,18
White-tailed deer_258,18
White-tailed deer_259,18
White-tailed deer_26,18
White-tailed deer_260,18
White-tailed deer_261,18
White-tailed deer_262,18
White-tailed deer_263,18
White-tailed deer_264,18
White-tailed deer_265,18
White-tailed deer_266,18
White-tailed deer_267,18
White-tailed deer_268,18
White-tailed deer_269,18
White-tailed deer_27,18
White-tailed deer_270,18
White-tailed deer_271,18
White-tailed deer_272,18
White-tailed deer_273,18
White-tailed deer_274,18
White-tailed deer_275,18
White-tailed deer_276,18
White-tailed deer_277,18
White-tailed deer_278,18
White-tailed deer_279,18
White-tailed deer_28,18
White-tailed deer_280,18
White-tailed deer_281,18
White-tailed deer_282,18
White-tailed deer_283,18
White-tailed deer_284,18
White-tailed deer_285,18
White-tailed deer_286,18
White-tailed deer_287,18
White-tailed deer_288,18
White-tailed deer_289,18
White-tailed deer_29,18
White-tailed deer_290,18
White-tailed deer_291,18
White-tailed deer_292,18
White-tailed deer_293,18
White-tailed deer_294,18
White-tailed deer_295,18
White-tailed deer_296,18
White-tailed deer_297,18
White-tailed deer_298,18
White-tailed deer_299,18
White-tailed deer_3,18
White-tailed deer_30,18
White-tailed deer_300,18
White-tailed deer_301,18
White-tailed deer_302,18
White-tailed deer_303,18
White-tailed deer_304,18
White-tailed deer_305,18
White-tailed deer_306,18
White-tailed deer_307,18
White-tailed deer_308,18
White-tailed deer_309,18
White-tailed deer_31,18
White-tailed deer_310,18
White-tailed deer_311,18
White-tailed deer_312,18
White-tailed deer_313,18
White-tailed deer_314,18
White-tailed deer_315,18
White-tailed deer_316,18
White-tailed deer_317,18
White-tailed deer_318,18
White-tailed deer_319,18
White-tailed deer_32,18
White-tailed deer_320,18
White-tailed deer_321,18
White-tailed deer_322,18
White-tailed deer_323,18
White-tailed deer_324,18
White-tailed deer_325,18
White-tailed deer_326,18
White-tailed deer_327,18
White-tailed deer_328,18
White-tailed deer_329,18
White-tailed deer_33,18
White-tailed deer_330,18
White-tailed deer_331,18
White-tailed deer_332,18
White-tailed deer_333,18
White-tailed deer_334,18
White-tailed deer_335,18
White-tailed deer_336,18
White-tailed deer_337,18
White-tailed deer_338,18
White-tailed deer_339,18
White-tailed deer_34,18
White-tailed deer_340,18
White-tailed deer_341,18
White-tailed deer_342,18
White-tailed deer_343,18
White-tailed deer_344,18
White-tailed deer_345,18
White-tailed deer_346,18
White-tailed deer_347,18
White-tailed deer_348,18
White-tailed deer_349,18
White-tailed deer_35,18
White-tailed deer_350,18
White-tailed deer_351,18
White-tailed deer_352,18
White-tailed deer_353,18
White-tailed deer_354,18
White-tailed deer_355,18
White-tailed deer_356,18
White-tailed deer_357,18
White-tailed deer_358,18
White-tailed deer_359,18
White-tailed deer_36,18
White-tailed deer_360,18
White-tailed deer_361,18
White-tailed deer_362,18
White-tailed deer_363,18
White-tailed deer_364,18
White-tailed deer_365,18
White-tailed deer_366,18
White-tailed deer_367,18
White-tailed deer_368,18
White-tailed deer_369,18
White-tailed deer_37,18
White-tailed deer_370,18
White-tailed deer_371,18
White-tailed deer_372,18
White-tailed deer_373,18
White-tailed deer_374,18
White-tailed deer_375,18
White-tailed deer_376,18
White-tailed deer_377,18
White-tailed deer_38,18
White-tailed deer_39,18
White-tailed deer_4,18
White-tailed deer_40,18
White-tailed deer_41,18
White-tailed deer_42,18
White-tailed deer_43,18
White-tailed deer_44,18
White-tailed deer_45,18
White-tailed deer_46,18
White-tailed deer_47,18
White-tailed deer_48,18
White-tailed deer_49,18
White-tailed deer_5,18
White-tailed deer_50,18
White-tailed deer_51,18
White-tailed deer_52,18
White-tailed deer_53,18
White-tailed deer_54,18
White-tailed deer_55,18
White-tailed deer_56,18
White-tailed deer_57,18
White-tailed deer_58,18
White-tailed deer_59,18
White-tailed deer_6,18
White-tailed deer_60,18
White-tailed deer_61,18
White-tailed deer_62,18
White-tailed deer_63,18
White-tailed deer_64,18
White-tailed deer_65,18
White-tailed deer_66,18
White-tailed deer_67,18
White-tailed deer_68,18
White-tailed deer_69,18
White-tailed deer_7,18
White-tailed deer_70,18
White-tailed deer_71,18
White-tailed deer_72,18
White-tailed deer_73,18
White-tailed deer_74,18
White-tailed deer_75,18
White-tailed deer_76,18
White-tailed deer_77,18
White-tailed deer_78,18
White-tailed deer_79,18
White-tailed deer_8,18
White-tailed deer_80,18
White-tailed deer_81,18
White-tailed deer_82,18
White-tailed deer_83,18
White-tailed deer_84,18
White-tailed deer_85,18
White-tailed deer_86,18
White-tailed deer_87,18
White-tailed deer_88,18
White-tailed deer_89,18
White-tailed deer_9,18
White-tailed deer_90,18
White-tailed deer_91,18
White-tailed deer_92,18
White-tailed deer_93,18
White-tailed deer_94,18
White-tailed deer_95,18
White-tailed deer_96,18
White-tailed deer_97,18
White-tailed deer_98,18
White-tailed deer_99,18
Wild pig_1,22
Wild pig_10,22
Wild pig_100,22
Wild pig_101,22
Wild pig_102,22
Wild pig_103,22
Wild pig_104,22
Wild pig_105,22
Wild pig_106,22
Wild pig_107,22
Wild pig_108,22
Wild pig_109,22
Wild pig_11,22
Wild pig_110,22
Wild pig_111,22
Wild pig_112,22
Wild pig_113,22
Wild pig_114,22
Wild pig_115,22
Wild pig_116,22
Wild pig_117,22
Wild pig_118,22
Wild pig_119,22
Wild pig_12,22
Wild pig_120,22
Wild pig_121,22
Wild pig_122,22
Wild pig_123,22
Wild pig_124,22
Wild pig_125,22
Wild pig_126,22
Wild pig_127,22
Wild pig_128,22
Wild pig_129,22
Wild pig_13,22
Wild pig_130,22
Wild pig_131,22
Wild pig_132,22
Wild pig_133,22
Wild pig_134,22
Wild pig_135,22
Wild pig_136,22
Wild pig_137,22
Wild pig_138,22
Wild pig_139,22
Wild pig_14,22
Wild pig_140,22
Wild pig_141,22
Wild pig_142,22
Wild pig_143,22
Wild pig_144,22
Wild pig_145,22
Wild pig_146,22
Wild pig_147,22
Wild pig_148,22
Wild pig_149,22
Wild pig_15,22
Wild pig_150,22
Wild pig_151,22
Wild pig_152,22
Wild pig_153,22
Wild pig_154,22
Wild pig_155,22
Wild pig_156,22
Wild pig_157,22
Wild pig_158,22
Wild pig_159,22
Wild pig_16,22
Wild pig_160,22
Wild pig_161,22
Wild pig_162,22
Wild pig_163,22
Wild pig_164,22
Wild pig_165,22
Wild pig_166,22
Wild pig_167,22
Wild pig_168,22
Wild pig_169,22
Wild pig_17,22
Wild pig_170,22
Wild pig_171,22
Wild pig_172,22
Wild pig_173,22
Wild pig_174,22
Wild pig_175,22
Wild pig_176,22
Wild pig_177,22
Wild pig_178,22
Wild pig_179,22
Wild pig_18,22
Wild pig_180,22
Wild pig_181,22
Wild pig_182,22
Wild pig_183,22
Wild pig_184,22
Wild pig_185,22
Wild pig_186,22
Wild pig_187,22
Wild pig_188,22
Wild pig_189,22
Wild pig_19,22
Wild pig_190,22
Wild pig_191,22
Wild pig_192,22
Wild pig_193,22
Wild pig_194,22
Wild pig_195,22
Wild pig_196,22
Wild pig_197,22
Wild pig_198,22
Wild pig_199,22
Wild pig_2,22
Wild pig_20,22
Wild pig_200,22
Wild pig_201,22
Wild pig_202,22
Wild pig_203,22
Wild pig_204,22
Wild pig_205,22
Wild pig_206,22
Wild pig_207,22
Wild pig_208,22
Wild pig_209,22
Wild pig_21,22
Wild pig_210,22
Wild pig_211,22
Wild pig_212,22
Wild pig_213,22
Wild pig_214,22
Wild pig_215,22
Wild pig_216,22
Wild pig_217,22
Wild pig_218,22
Wild pig_219,22
Wild pig_22,22
Wild pig_220,22
Wild pig_221,22
Wild pig_222,22
Wild pig_223,22
Wild pig_224,22
Wild pig_225,22
Wild pig_226,22
Wild pig_227,22
Wild pig_228,22
Wild pig_229,22
Wild pig_23,22
Wild pig_230,22
Wild pig_231,22
Wild pig_232,22
Wild pig_233,22
Wild pig_234,22
Wild pig_235,22
Wild pig_236,22
Wild pig_237,22
Wild pig_238,22
Wild pig_239,22
Wild pig_24,22
Wild pig_240,22
Wild pig_241,22
Wild pig_242,22
Wild pig_243,22
Wild pig_244,22
Wild pig_245,22
Wild pig_246,22
Wild pig_247,22
Wild pig_248,22
Wild pig_249,22
Wild pig_25,22
Wild pig_250,22
Wild pig_251,22
Wild pig_252,22
Wild pig_253,22
Wild pig_254,22
Wild pig_255,22
Wild pig_256,22
Wild pig_257,22
Wild pig_258,22
Wild pig_259,22
Wild pig_26,22
Wild pig_260,22
Wild pig_261,22
Wild pig_262,22
Wild pig_263,22
Wild pig_264,22
Wild pig_265,22
Wild pig_266,22
Wild pig_267,22
Wild pig_268,22
Wild pig_269,22
Wild pig_27,22
Wild pig_270,22
Wild pig_271,22
Wild pig_272,22
Wild pig_273,22
Wild pig_274,22
Wild pig_275,22
Wild pig_276,22
Wild pig_277,22
Wild pig_278,22
Wild pig_279,22
Wild pig_28,22
Wild pig_280,22
Wild pig_281,22
Wild pig_282,22
Wild pig_283,22
Wild pig_284,22
Wild pig_285,22
Wild pig_286,22
Wild pig_287,22
Wild pig_288,22
Wild pig_289,22
Wild pig_29,22
Wild pig_290,22
Wild pig_291,22
Wild pig_292,22
Wild pig_293,22
Wild pig_294,22
Wild pig_295,22
Wild pig_296,22
Wild pig_297,22
Wild pig_298,22
Wild pig_299,22
Wild pig_3,22
Wild pig_30,22
Wild pig_300,22
Wild pig_301,22
Wild pig_302,22
Wild pig_303,22
Wild pig_304,22
Wild pig_305,22
Wild pig_306,22
Wild pig_307,22
Wild pig_308,22
Wild pig_309,22
Wild pig_31,22
Wild pig_310,22
Wild pig_311,22
Wild pig_312,22
Wild pig_313,22
Wild pig_314,22
Wild pig_315,22
Wild pig_316,22
Wild pig_317,22
Wild pig_318,22
Wild pig_319,22
Wild pig_32,22
Wild pig_320,22
Wild pig_321,22
Wild pig_322,22
Wild pig_323,22
Wild pig_324,22
Wild pig_325,22
Wild pig_326,22
Wild pig_327,22
Wild pig_328,22
Wild pig_329,22
Wild pig_33,22
Wild pig_330,22
Wild pig_331,22
Wild pig_332,22
Wild pig_333,22
Wild pig_334,22
Wild pig_335,22
Wild pig_336,22
Wild pig_337,22
Wild pig_338,22
Wild pig_339,22
Wild pig_34,22
Wild pig_340,22
Wild pig_341,22
Wild pig_342,22
Wild pig_343,22
Wild pig_344,22
Wild pig_345,22
Wild pig_346,22
Wild pig_347,22
Wild pig_348,22
Wild pig_349,22
Wild pig_35,22
Wild pig_350,22
Wild pig_351,22
Wild pig_352,22
Wild pig_353,22
Wild pig_354,22
Wild pig_355,22
Wild pig_356,22
Wild pig_357,22
Wild pig_358,22
Wild pig_359,22
Wild pig_36,22
Wild pig_360,22
Wild pig_361,22
Wild pig_362,22
Wild pig_363,22
Wild pig_364,22
Wild pig_365,22
Wild pig_366,22
Wild pig_367,22
Wild pig_368,22
Wild pig_369,22
Wild pig_37,22
Wild pig_370,22
Wild pig_371,22
Wild pig_372,22
Wild pig_373,22
Wild pig_374,22
Wild pig_375,22
Wild pig_376,22
Wild pig_377,22
Wild pig_378,22
Wild pig_379,22
Wild pig_38,22
Wild pig_380,22
Wild pig_381,22
Wild pig_382,22
Wild pig_383,22
Wild pig_384,22
Wild pig_385,22
Wild pig_386,22
Wild pig_387,22
Wild pig_388,22
Wild pig_389,22
Wild pig_39,22
Wild pig_390,22
Wild pig_391,22
Wild pig_392,22
Wild pig_393,22
Wild pig_394,22
Wild pig_395,22
Wild pig_396,22
Wild pig_397,22
Wild pig_398,22
Wild pig_399,22
Wild pig_4,22
Wild pig_40,22
Wild pig_400,22
Wild pig_401,22
Wild pig_402,22
Wild pig_403,22
Wild pig_404,22
Wild pig_405,22
Wild pig_406,22
Wild pig_407,22
Wild pig_408,22
Wild pig_409,22
Wild pig_41,22
Wild pig_410,22
Wild pig_411,22
Wild pig_412,22
Wild pig_413,22
Wild pig_414,22
Wild pig_415,22
Wild pig_416,22
Wild pig_417,22
Wild pig_418,22
Wild pig_419,22
Wild pig_42,22
Wild pig_420,22
Wild pig_421,22
Wild pig_422,22
Wild pig_423,22
Wild pig_424,22
Wild pig_425,22
Wild pig_426,22
Wild pig_427,22
Wild pig_428,22
Wild pig_429,22
Wild pig_43,22
Wild pig_430,22
Wild pig_431,22
Wild pig_432,22
Wild pig_433,22
Wild pig_434,22
Wild pig_435,22
Wild pig_436,22
Wild pig_437,22
Wild pig_438,22
Wild pig_439,22
Wild pig_44,22
Wild pig_440,22
Wild pig_441,22
Wild pig_442,22
Wild pig_443,22
Wild pig_444,22
Wild pig_445,22
Wild pig_446,22
Wild pig_447,22
Wild pig_448,22
Wild pig_449,22
Wild pig_45,22
Wild pig_450,22
Wild pig_451,22
Wild pig_452,22
Wild pig_453,22
Wild pig_454,22
Wild pig_455,22
Wild pig_456,22
Wild pig_457,22
Wild pig_458,22
Wild pig_459,22
Wild pig_46,22
Wild pig_460,22
Wild pig_461,22
Wild pig_462,22
Wild pig_463,22
Wild pig_464,22
Wild pig_465,22
Wild pig_466,22
Wild pig_467,22
Wild pig_468,22
Wild pig_469,22
Wild pig_47,22
Wild pig_470,22
Wild pig_471,22
Wild pig_472,22
Wild pig_473,22
Wild pig_474,22
Wild pig_475,22
Wild pig_476,22
Wild pig_477,22
Wild pig_478,22
Wild pig_479,22
Wild pig_48,22
Wild pig_480,22
Wild pig_481,22
Wild pig_482,22
Wild pig_483,22
Wild pig_484,22
Wild pig_485,22
Wild pig_486,22
Wild pig_487,22
Wild pig_488,22
Wild pig_489,22
Wild pig_49,22
Wild pig_490,22
Wild pig_491,22
Wild pig_492,22
Wild pig_493,22
Wild pig_494,22
Wild pig_495,22
Wild pig_496,22
Wild pig_497,22
Wild pig_498,22
Wild pig_499,22
Wild pig_5,22
Wild pig_50,22
Wild pig_500,22
Wild pig_501,22
Wild pig_502,22
Wild pig_503,22
Wild pig_504,22
Wild pig_505,22
Wild pig_506,22
Wild pig_507,22
Wild pig_508,22
Wild pig_509,22
Wild pig_51,22
Wild pig_510,22
Wild pig_511,22
Wild pig_512,22
Wild pig_513,22
Wild pig_514,22
Wild pig_515,22
Wild pig_516,22
Wild pig_517,22
Wild pig_518,22
Wild pig_519,22
Wild pig_52,22
Wild pig_520,22
Wild pig_521,22
Wild pig_522,22
Wild pig_523,22
Wild pig_524,22
Wild pig_525,22
Wild pig_526,22
Wild pig_527,22
Wild pig_528,22
Wild pig_529,22
Wild pig_53,22
Wild pig_530,22
Wild pig_531,22
Wild pig_532,22
Wild pig_533,22
Wild pig_534,22
Wild pig_535,22
Wild pig_536,22
Wild pig_537,22
Wild pig_538,22
Wild pig_539,22
Wild pig_54,22
Wild pig_540,22
Wild pig_541,22
Wild pig_542,22
Wild pig_543,22
Wild pig_544,22
Wild pig_545,22
Wild pig_546,22
Wild pig_547,22
Wild pig_548,22
Wild pig_549,22
Wild pig_55,22
Wild pig_550,22
Wild pig_551,22
Wild pig_552,22
Wild pig_553,22
Wild pig_554,22
Wild pig_555,22
Wild pig_556,22
Wild pig_557,22
Wild pig_558,22
Wild pig_559,22
Wild pig_56,22
Wild pig_560,22
Wild pig_561,22
Wild pig_562,22
Wild pig_563,22
Wild pig_564,22
Wild pig_565,22
Wild pig_566,22
Wild pig_567,22
Wild pig_568,22
Wild pig_569,22
Wild pig_57,22
Wild pig_570,22
Wild pig_571,22
Wild pig_572,22
Wild pig_573,22
Wild pig_574,22
Wild pig_575,22
Wild pig_576,22
Wild pig_577,22
Wild pig_578,22
Wild pig_579,22
Wild pig_58,22
Wild pig_580,22
Wild pig_581,22
Wild pig_582,22
Wild pig_583,22
Wild pig_584,22
Wild pig_585,22
Wild pig_586,22
Wild pig_587,22
Wild pig_588,22
Wild pig_589,22
Wild pig_59,22
Wild pig_590,22
Wild pig_591,22
Wild pig_592,22
Wild pig_593,22
Wild pig_594,22
Wild pig_595,22
Wild pig_596,22
Wild pig_597,22
Wild pig_598,22
Wild pig_599,22
Wild pig_6,22
Wild pig_60,22
Wild pig_600,22
Wild pig_601,22
Wild pig_602,22
Wild pig_603,22
Wild pig_604,22
Wild pig_605,22
Wild pig_606,22
Wild pig_607,22
Wild pig_608,22
Wild pig_609,22
Wild pig_61,22
Wild pig_610,22
Wild pig_611,22
Wild pig_612,22
Wild pig_613,22
Wild pig_614,22
Wild pig_615,22
Wild pig_616,22
Wild pig_617,22
Wild pig_618,22
Wild pig_619,22
Wild pig_62,22
Wild pig_620,22
Wild pig_621,22
Wild pig_622,22
Wild pig_623,22
Wild pig_624,22
Wild pig_625,22
Wild pig_626,22
Wild pig_627,22
Wild pig_628,22
Wild pig_629,22
Wild pig_63,22
Wild pig_630,22
Wild pig_631,22
Wild pig_632,22
Wild pig_633,22
Wild pig_634,22
Wild pig_635,22
Wild pig_636,22
Wild pig_637,22
Wild pig_638,22
Wild pig_639,22
Wild pig_64,22
Wild pig_640,22
Wild pig_641,22
Wild pig_642,22
Wild pig_643,22
Wild pig_644,22
Wild pig_645,22
Wild pig_646,22
Wild pig_647,22
Wild pig_648,22
Wild pig_649,22
Wild pig_65,22
Wild pig_650,22
Wild pig_651,22
Wild pig_652,22
Wild pig_653,22
Wild pig_654,22
Wild pig_655,22
Wild pig_656,22
Wild pig_657,22
Wild pig_658,22
Wild pig_659,22
Wild pig_66,22
Wild pig_660,22
Wild pig_661,22
Wild pig_662,22
Wild pig_663,22
Wild pig_664,22
Wild pig_665,22
Wild pig_666,22
Wild pig_667,22
Wild pig_668,22
Wild pig_669,22
Wild pig_67,22
Wild pig_670,22
Wild pig_671,22
Wild pig_672,22
Wild pig_673,22
Wild pig_674,22
Wild pig_675,22
Wild pig_676,22
Wild pig_677,22
Wild pig_678,22
Wild pig_679,22
Wild pig_68,22
Wild pig_680,22
Wild pig_681,22
Wild pig_682,22
Wild pig_683,22
Wild pig_684,22
Wild pig_685,22
Wild pig_686,22
Wild pig_687,22
Wild pig_688,22
Wild pig_689,22
Wild pig_69,22
Wild pig_690,22
Wild pig_691,22
Wild pig_692,22
Wild pig_693,22
Wild pig_694,22
Wild pig_695,22
Wild pig_696,22
Wild pig_697,22
Wild pig_698,22
Wild pig_699,22
Wild pig_7,22
Wild pig_70,22
Wild pig_700,22
Wild pig_701,22
Wild pig_702,22
Wild pig_703,22
Wild pig_704,22
Wild pig_705,22
Wild pig_706,22
Wild pig_707,22
Wild pig_708,22
Wild pig_709,22
Wild pig_71,22
Wild pig_710,22
Wild pig_711,22
Wild pig_712,22
Wild pig_713,22
Wild pig_714,22
Wild pig_715,22
Wild pig_716,22
Wild pig_717,22
Wild pig_718,22
Wild pig_719,22
Wild pig_72,22
Wild pig_720,22
Wild pig_721,22
Wild pig_722,22
Wild pig_723,22
Wild pig_724,22
Wild pig_725,22
Wild pig_73,22
Wild pig_74,22
Wild pig_75,22
Wild pig_76,22
Wild pig_77,22
Wild pig_78,22
Wild pig_79,22
Wild pig_8,22
Wild pig_80,22
Wild pig_81,22
Wild pig_82,22
Wild pig_83,22
Wild pig_84,22
Wild pig_85,22
Wild pig_86,22
Wild pig_87,22
Wild pig_88,22
Wild pig_89,22
Wild pig_9,22
Wild pig_90,22
Wild pig_91,22
Wild pig_92,22
Wild pig_93,22
Wild pig_94,22
Wild pig_95,22
Wild pig_96,22
Wild pig_97,22
Wild pig_98,22
Wild pig_99,22
